,Side0_UniqueIds,Side1_UniqueIds,BreakID,ViewData.Status,predicted status,predicted action,predicted category,predicted comment,first_non_null_breakid_in_breakid_columns
0,127_4551426007_Integrata,,1859875390,CNF,UCB,Close,Close,,1859875390
1,148_4551426007_Integrata,,1859875391,CNF,UCB,Close,Close,,1859875391
2,158_4551426007_Integrata,,1859875392,CNF,UCB,Close,Close,,1859875392
3,156_4551426007_Integrata,,1859875393,CNF,UCB,Close,Close,,1859875393
4,128_4551426007_Integrata,,1859875394,CNF,UCB,Close,Close,,1859875394
5,157_4551426007_Integrata,,1859875395,CNF,UCB,Close,Close,,1859875395
6,59_4551426007_Integrata,,1859875405,OB,UCB,Close,Close,,1859875405
7,59_4551426004_Integrata,,1859874860,OB,UCB,Close,Close,,1859874860
8,124_4551426007_Integrata,,1859875418,OB,UCB,Close,Close,,1859875418
9,124_4551426004_Integrata,,1859874868,OB,UCB,Close,Close,,1859874868
10,14_4551426007_Integrata,,1859875422,OB,UCB,Close,Close,,1859875422
11,14_4551426004_Integrata,,1859874875,OB,UCB,Close,Close,,1859874875
12,157_4551426004_Integrata,,1859874832,OB,UCB,Close,Close,,1859874832
13,148_4551426004_Integrata,,1859874828,OB,UCB,Close,Close,,1859874828
14,72_4551426004_Integrata,,1859874895,OB,UCB,Close,Close,,1859874895
15,65_4551426007_Integrata,,1859875431,OB,UCB,Close,Close,,1859875431
16,65_4551426004_Integrata,,1859874885,OB,UCB,Close,Close,,1859874885
17,72_4551426007_Integrata,,1859875437,OB,UCB,Close,Close,,1859875437
18,76_4551426007_Integrata,,1859875439,OB,UCB,Close,Close,,1859875439
19,76_4551426004_Integrata,,1859874896,OB,UCB,Close,Close,,1859874896
20,79_4551426007_Integrata,,1859875441,OB,UCB,Close,Close,,1859875441
21,79_4551426004_Integrata,,1859874891,OB,UCB,Close,Close,,1859874891
22,158_4551426004_Integrata,,1859874831,OB,UCB,Close,Close,,1859874831
23,82_4551426007_Integrata,,1859875448,OB,UCB,Close,Close,,1859875448
24,82_4551426004_Integrata,,1859874897,OB,UCB,Close,Close,,1859874897
25,127_4551426004_Integrata,,1859874829,OB,UCB,Close,Close,,1859874829
26,156_4551426004_Integrata,,1859874830,OB,UCB,Close,Close,,1859874830
27,128_4551426004_Integrata,,1859874827,OB,UCB,Close,Close,,1859874827
28,,1_4551426004_CACEIS,1859874847,OB,UCB,Close,Close,,1859874847
29,,7_4551426004_CACEIS,1859874841,OB,UCB,Close,Close,,1859874841
30,,7_4551426007_CACEIS,1859875408,OB,UCB,Close,Close,,1859875408
31,,1_4551426007_CACEIS,1859875410,OB,UCB,Close,Close,,1859875410
32,159_4551426007_Integrata,,1859875425,OB,UCB,Close,Close,,1859875425
33,159_4551426004_Integrata,,1859874876,OB,UCB,Close,Close,,1859874876
34,160_4551426007_Integrata,,1859875434,OB,UCB,Close,Close,,1859875434
35,160_4551426004_Integrata,,1859874883,OB,UCB,Close,Close,,1859874883
36,102_4551426007_Integrata,,1859875296,CMF,OB,No-pair,proceeds sell,Integrata booked the proceeds sell for SD 2021-06-24.Caceis yet to book.,1859875296
37,50_4551426007_Integrata,,1859875295,CMF,OB,No-pair,proceeds sell,Integrata booked the proceeds sell for SD 2021-06-29.Caceis yet to book.,1859875295
38,136_4551426007_Integrata,,1859875294,CMF,OB,No-pair,proceeds sell,Integrata booked the proceeds sell for SD 2021-06-25.Caceis yet to book.,1859875294
39,94_4551426007_Integrata,,1859875297,CMF,OB,No-pair,proceeds sell,Integrata booked the proceeds sell for SD 2021-06-24.Caceis yet to book.,1859875297
40,49_4551426007_Integrata,,1859875298,CMF,OB,No-pair,proceeds sell,Integrata booked the proceeds sell for SD 2021-06-29.Caceis yet to book.,1859875298
41,96_4551426007_Integrata,,1859875299,CMF,OB,No-pair,proceeds sell,Integrata booked the proceeds sell for SD 2021-06-24.Caceis yet to book.,1859875299
42,51_4551426007_Integrata,,1859875300,CMF,OB,No-pair,proceeds sell,Integrata booked the proceeds sell for SD 2021-06-29.Caceis yet to book.,1859875300
43,140_4551426007_Integrata,,1859875301,CMF,OB,No-pair,proceeds sell,Integrata booked the proceeds sell for SD 2021-06-25.Caceis yet to book.,1859875301
44,139_4551426007_Integrata,,1859875302,CMF,OB,No-pair,proceeds sell,Integrata booked the proceeds sell for SD 2021-06-25.Caceis yet to book.,1859875302
45,105_4551426007_Integrata,,1859875303,CMF,OB,No-pair,proceeds sell,Integrata booked the proceeds sell for SD 2021-06-29.Caceis yet to book.,1859875303
46,133_4551426007_Integrata,,1859875304,CMF,OB,No-pair,proceeds sell,Integrata booked the proceeds sell for SD 2021-06-24.Caceis yet to book.,1859875304
47,100_4551426007_Integrata,,1859875305,CMF,OB,No-pair,proceeds sell,Integrata booked the proceeds sell for SD 2021-06-24.Caceis yet to book.,1859875305
48,90_4551426007_Integrata,,1859875306,CMF,OB,No-pair,proceeds sell,Integrata booked the proceeds sell for SD 2021-06-25.Caceis yet to book.,1859875306
49,126_4551426007_Integrata,,1859875307,CMF,OB,No-pair,proceeds sell,Integrata booked the proceeds sell for SD 2021-06-25.Caceis yet to book.,1859875307
50,38_4551426007_Integrata,,1859875308,CMF,OB,No-pair,proceeds sell,Integrata booked the proceeds sell for SD 2021-06-24.Caceis yet to book.,1859875308
51,121_4551426007_Integrata,,1859875309,CMF,OB,No-pair,proceeds sell,Integrata booked the proceeds sell for SD 2021-06-23.Caceis yet to book.,1859875309
52,115_4551426007_Integrata,,1859875310,CMF,OB,No-pair,proceeds sell,Integrata booked the proceeds sell for SD 2021-06-25.Caceis yet to book.,1859875310
53,147_4551426007_Integrata,,1859875311,CMF,OB,No-pair,proceeds sell,Integrata booked the proceeds sell for SD 2021-06-23.Caceis yet to book.,1859875311
54,95_4551426007_Integrata,,1859875312,CMF,OB,No-pair,proceeds sell,Integrata booked the proceeds sell for SD 2021-06-28.Caceis yet to book.,1859875312
55,153_4551426007_Integrata,,1859875315,CMF,OB,No-pair,proceeds sell,Integrata booked the proceeds sell for SD 2021-06-29.Caceis yet to book.,1859875315
56,103_4551426007_Integrata,,1859875313,CMF,OB,No-pair,proceeds sell,Integrata booked the proceeds sell for SD 2021-06-28.Caceis yet to book.,1859875313
57,86_4551426007_Integrata,,1859875314,CMF,OB,No-pair,proceeds sell,Integrata booked the proceeds sell for SD 2021-06-23.Caceis yet to book.,1859875314
58,42_4551426007_Integrata,,1859875316,CMF,OB,No-pair,proceeds sell,Integrata booked the proceeds sell for SD 2021-06-28.Caceis yet to book.,1859875316
59,123_4551426007_Integrata,,1859875317,CMF,OB,No-pair,proceeds sell,Integrata booked the proceeds sell for SD 2021-06-28.Caceis yet to book.,1859875317
60,104_4551426007_Integrata,,1859875318,CMF,OB,No-pair,proceeds sell,Integrata booked the proceeds sell for SD 2021-06-24.Caceis yet to book.,1859875318
61,89_4551426007_Integrata,,1859875319,CMF,OB,No-pair,proceeds sell,Integrata booked the proceeds sell for SD 2021-06-23.Caceis yet to book.,1859875319
62,122_4551426007_Integrata,,1859875320,CMF,OB,No-pair,proceeds sell,Integrata booked the proceeds sell for SD 2021-06-28.Caceis yet to book.,1859875320
63,151_4551426007_Integrata,,1859875321,CMF,OB,No-pair,proceeds sell,Integrata booked the proceeds sell for SD 2021-06-29.Caceis yet to book.,1859875321
64,154_4551426007_Integrata,,1859875322,CMF,OB,No-pair,proceeds sell,Integrata booked the proceeds sell for SD 2021-06-28.Caceis yet to book.,1859875322
65,91_4551426007_Integrata,,1859875323,CMF,OB,No-pair,proceeds sell,Integrata booked the proceeds sell for SD 2021-06-24.Caceis yet to book.,1859875323
66,155_4551426007_Integrata,,1859875324,CMF,OB,No-pair,proceeds sell,Integrata booked the proceeds sell for SD 2021-06-28.Caceis yet to book.,1859875324
67,113_4551426007_Integrata,,1859875325,CMF,OB,No-pair,proceeds sell,Integrata booked the proceeds sell for SD 2021-06-24.Caceis yet to book.,1859875325
68,97_4551426007_Integrata,,1859875326,CMF,OB,No-pair,proceeds sell,Integrata booked the proceeds sell for SD 2021-06-24.Caceis yet to book.,1859875326
69,149_4551426007_Integrata,,1859875327,CMF,OB,No-pair,proceeds sell,Integrata booked the proceeds sell for SD 2021-06-28.Caceis yet to book.,1859875327
70,39_4551426007_Integrata,,1859875328,CMF,OB,No-pair,proceeds sell,Integrata booked the proceeds sell for SD 2021-06-24.Caceis yet to book.,1859875328
71,47_4551426007_Integrata,,1859875329,CMF,OB,No-pair,proceeds sell,Integrata booked the proceeds sell for SD 2021-06-24.Caceis yet to book.,1859875329
72,107_4551426007_Integrata,,1859875330,CMF,OB,No-pair,proceeds sell,Integrata booked the proceeds sell for SD 2021-06-24.Caceis yet to book.,1859875330
73,110_4551426007_Integrata,,1859875331,CMF,OB,No-pair,proceeds sell,Integrata booked the proceeds sell for SD 2021-06-24.Caceis yet to book.,1859875331
74,93_4551426007_Integrata,,1859875332,CMF,OB,No-pair,proceeds sell,Integrata booked the proceeds sell for SD 2021-06-24.Caceis yet to book.,1859875332
75,45_4551426007_Integrata,,1859875333,CMF,OB,No-pair,proceeds sell,Integrata booked the proceeds sell for SD 2021-06-28.Caceis yet to book.,1859875333
76,31_4551426007_Integrata,,1859875334,CMF,OB,No-pair,proceeds sell,Integrata booked the proceeds sell for SD 2021-06-23.Caceis yet to book.,1859875334
77,46_4551426007_Integrata,,1859875335,CMF,OB,No-pair,proceeds sell,Integrata booked the proceeds sell for SD 2021-06-28.Caceis yet to book.,1859875335
78,34_4551426007_Integrata,,1859875336,CMF,OB,No-pair,proceeds sell,Integrata booked the proceeds sell for SD 2021-06-24.Caceis yet to book.,1859875336
79,98_4551426007_Integrata,,1859875337,CMF,OB,No-pair,proceeds sell,Integrata booked the proceeds sell for SD 2021-06-28.Caceis yet to book.,1859875337
80,35_4551426007_Integrata,,1859875338,CMF,OB,No-pair,proceeds sell,Integrata booked the proceeds sell for SD 2021-06-24.Caceis yet to book.,1859875338
81,20_4551426007_Integrata,,1859875339,CMF,OB,No-pair,proceeds sell,Integrata booked the proceeds sell for SD 2021-06-23.Caceis yet to book.,1859875339
82,99_4551426007_Integrata,,1859875340,CMF,OB,No-pair,proceeds sell,Integrata booked the proceeds sell for SD 2021-06-28.Caceis yet to book.,1859875340
83,36_4551426007_Integrata,,1859875341,CMF,OB,No-pair,proceeds sell,Integrata booked the proceeds sell for SD 2021-06-24.Caceis yet to book.,1859875341
84,32_4551426004_Integrata,,1859874858,OB,OB,No-pair,proceeds sell,Integrata booked the proceeds sell for SD 2021-06-24.Caceis yet to book.,1859874858
85,78_4551426004_Integrata,,1859874866,OB,OB,No-pair,proceeds sell,Integrata booked the proceeds sell for SD 2021-06-24.Caceis yet to book.,1859874866
86,11_4551426004_Integrata,,1859874862,OB,OB,No-pair,proceeds sell,Integrata booked the proceeds sell for SD 2021-06-28.Caceis yet to book.,1859874862
87,9_4551426004_Integrata,,1859874853,OB,OB,No-pair,proceeds sell,Integrata booked the proceeds sell for SD 2021-06-24.Caceis yet to book.,1859874853
88,15_4551426004_Integrata,,1859874871,OB,OB,No-pair,proceeds sell,Integrata booked the proceeds sell for SD 2021-06-28.Caceis yet to book.,1859874871
89,126_4551426004_Integrata,,1859874782,OB,OB,No-pair,proceeds sell,Integrata booked the proceeds sell for SD 2021-06-25.Caceis yet to book.,1859874782
90,17_4551426004_Integrata,,1859874861,OB,OB,No-pair,proceeds sell,Integrata booked the proceeds sell for SD 2021-06-24.Caceis yet to book.,1859874861
91,90_4551426004_Integrata,,1859874758,OB,OB,No-pair,proceeds sell,Integrata booked the proceeds sell for SD 2021-06-25.Caceis yet to book.,1859874758
92,115_4551426004_Integrata,,1859874790,OB,OB,No-pair,proceeds sell,Integrata booked the proceeds sell for SD 2021-06-25.Caceis yet to book.,1859874790
93,50_4551426004_Integrata,,1859874736,OB,OB,No-pair,proceeds sell,Integrata booked the proceeds sell for SD 2021-06-29.Caceis yet to book.,1859874736
94,107_4551426004_Integrata,,1859874779,OB,OB,No-pair,proceeds sell,Integrata booked the proceeds sell for SD 2021-06-24.Caceis yet to book.,1859874779
95,140_4551426004_Integrata,,1859874765,OB,OB,No-pair,proceeds sell,Integrata booked the proceeds sell for SD 2021-06-25.Caceis yet to book.,1859874765
96,51_4551426004_Integrata,,1859874744,OB,OB,No-pair,proceeds sell,Integrata booked the proceeds sell for SD 2021-06-29.Caceis yet to book.,1859874744
97,110_4551426004_Integrata,,1859874786,OB,OB,No-pair,proceeds sell,Integrata booked the proceeds sell for SD 2021-06-24.Caceis yet to book.,1859874786
98,45_4551426004_Integrata,,1859874756,OB,OB,No-pair,proceeds sell,Integrata booked the proceeds sell for SD 2021-06-28.Caceis yet to book.,1859874756
99,89_4551426004_Integrata,,1859874754,OB,OB,No-pair,proceeds sell,Integrata booked the proceeds sell for SD 2021-06-23.Caceis yet to book.,1859874754
100,97_4551426004_Integrata,,1859874791,OB,OB,No-pair,proceeds sell,Integrata booked the proceeds sell for SD 2021-06-24.Caceis yet to book.,1859874791
101,47_4551426004_Integrata,,1859874796,OB,OB,No-pair,proceeds sell,Integrata booked the proceeds sell for SD 2021-06-24.Caceis yet to book.,1859874796
102,86_4551426004_Integrata,,1859874769,OB,OB,No-pair,proceeds sell,Integrata booked the proceeds sell for SD 2021-06-23.Caceis yet to book.,1859874769
103,98_4551426004_Integrata,,1859874762,OB,OB,No-pair,proceeds sell,Integrata booked the proceeds sell for SD 2021-06-28.Caceis yet to book.,1859874762
104,36_4551426004_Integrata,,1859874731,OB,OB,No-pair,proceeds sell,Integrata booked the proceeds sell for SD 2021-06-24.Caceis yet to book.,1859874731
105,147_4551426004_Integrata,,1859874792,OB,OB,No-pair,proceeds sell,Integrata booked the proceeds sell for SD 2021-06-23.Caceis yet to book.,1859874792
106,136_4551426004_Integrata,,1859874805,OB,OB,No-pair,proceeds sell,Integrata booked the proceeds sell for SD 2021-06-25.Caceis yet to book.,1859874805
107,34_4551426004_Integrata,,1859874739,OB,OB,No-pair,proceeds sell,Integrata booked the proceeds sell for SD 2021-06-24.Caceis yet to book.,1859874739
108,121_4551426004_Integrata,,1859874799,OB,OB,No-pair,proceeds sell,Integrata booked the proceeds sell for SD 2021-06-23.Caceis yet to book.,1859874799
109,139_4551426004_Integrata,,1859874814,OB,OB,No-pair,proceeds sell,Integrata booked the proceeds sell for SD 2021-06-25.Caceis yet to book.,1859874814
110,154_4551426004_Integrata,,1859874804,OB,OB,No-pair,proceeds sell,Integrata booked the proceeds sell for SD 2021-06-28.Caceis yet to book.,1859874804
111,113_4551426004_Integrata,,1859874794,OB,OB,No-pair,proceeds sell,Integrata booked the proceeds sell for SD 2021-06-24.Caceis yet to book.,1859874794
112,149_4551426004_Integrata,,1859874793,OB,OB,No-pair,proceeds sell,Integrata booked the proceeds sell for SD 2021-06-28.Caceis yet to book.,1859874793
113,95_4551426004_Integrata,,1859874741,OB,OB,No-pair,proceeds sell,Integrata booked the proceeds sell for SD 2021-06-28.Caceis yet to book.,1859874741
114,104_4551426004_Integrata,,1859874788,OB,OB,No-pair,proceeds sell,Integrata booked the proceeds sell for SD 2021-06-24.Caceis yet to book.,1859874788
115,42_4551426004_Integrata,,1859874733,OB,OB,No-pair,proceeds sell,Integrata booked the proceeds sell for SD 2021-06-28.Caceis yet to book.,1859874733
116,96_4551426004_Integrata,,1859874768,OB,OB,No-pair,proceeds sell,Integrata booked the proceeds sell for SD 2021-06-24.Caceis yet to book.,1859874768
117,102_4551426004_Integrata,,1859874776,OB,OB,No-pair,proceeds sell,Integrata booked the proceeds sell for SD 2021-06-24.Caceis yet to book.,1859874776
118,35_4551426004_Integrata,,1859874748,OB,OB,No-pair,proceeds sell,Integrata booked the proceeds sell for SD 2021-06-24.Caceis yet to book.,1859874748
119,93_4551426004_Integrata,,1859874753,OB,OB,No-pair,proceeds sell,Integrata booked the proceeds sell for SD 2021-06-24.Caceis yet to book.,1859874753
120,123_4551426004_Integrata,,1859874803,OB,OB,No-pair,proceeds sell,Integrata booked the proceeds sell for SD 2021-06-28.Caceis yet to book.,1859874803
121,155_4551426004_Integrata,,1859874810,OB,OB,No-pair,proceeds sell,Integrata booked the proceeds sell for SD 2021-06-28.Caceis yet to book.,1859874810
122,99_4551426004_Integrata,,1859874772,OB,OB,No-pair,proceeds sell,Integrata booked the proceeds sell for SD 2021-06-28.Caceis yet to book.,1859874772
123,46_4551426004_Integrata,,1859874766,OB,OB,No-pair,proceeds sell,Integrata booked the proceeds sell for SD 2021-06-28.Caceis yet to book.,1859874766
124,142_4551426004_Integrata,,1859874886,OB,OB,No-pair,proceeds sell,Integrata booked the proceeds sell for SD 2021-06-24.Caceis yet to book.,1859874886
125,80_4551426007_Integrata,,1859875401,OB,OB,No-pair,proceeds sell,Integrata booked the proceeds sell for SD 2021-06-29.Caceis yet to book.,1859875401
126,9_4551426007_Integrata,,1859875402,OB,OB,No-pair,proceeds sell,Integrata booked the proceeds sell for SD 2021-06-24.Caceis yet to book.,1859875402
127,64_4551426007_Integrata,,1859875403,OB,OB,No-pair,proceeds sell,Integrata booked the proceeds sell for SD 2021-06-24.Caceis yet to book.,1859875403
128,23_4551426007_Integrata,,1859875404,OB,OB,No-pair,proceeds sell,Integrata booked the proceeds sell for SD 2021-06-24.Caceis yet to book.,1859875404
129,54_4551426007_Integrata,,1859875406,OB,OB,No-pair,proceeds sell,Integrata booked the proceeds sell for SD 2021-06-23.Caceis yet to book.,1859875406
130,55_4551426007_Integrata,,1859875407,OB,OB,No-pair,proceeds sell,Integrata booked the proceeds sell for SD 2021-06-24.Caceis yet to book.,1859875407
131,10_4551426007_Integrata,,1859875411,OB,OB,No-pair,proceeds sell,Integrata booked the proceeds sell for SD 2021-06-24.Caceis yet to book.,1859875411
132,3_4551426007_Integrata,,1859875409,OB,OB,No-pair,proceeds sell,Integrata booked the proceeds sell for SD 2021-06-25.Caceis yet to book.,1859875409
133,17_4551426007_Integrata,,1859875412,OB,OB,No-pair,proceeds sell,Integrata booked the proceeds sell for SD 2021-06-24.Caceis yet to book.,1859875412
134,133_4551426004_Integrata,,1859874759,OB,OB,No-pair,proceeds sell,Integrata booked the proceeds sell for SD 2021-06-24.Caceis yet to book.,1859874759
135,38_4551426004_Integrata,,1859874787,OB,OB,No-pair,proceeds sell,Integrata booked the proceeds sell for SD 2021-06-24.Caceis yet to book.,1859874787
136,100_4551426004_Integrata,,1859874781,OB,OB,No-pair,proceeds sell,Integrata booked the proceeds sell for SD 2021-06-24.Caceis yet to book.,1859874781
137,39_4551426004_Integrata,,1859874755,OB,OB,No-pair,proceeds sell,Integrata booked the proceeds sell for SD 2021-06-24.Caceis yet to book.,1859874755
138,91_4551426004_Integrata,,1859874761,OB,OB,No-pair,proceeds sell,Integrata booked the proceeds sell for SD 2021-06-24.Caceis yet to book.,1859874761
139,109_4551426007_Integrata,,1859875413,OB,OB,No-pair,proceeds sell,Integrata booked the proceeds sell for SD 2021-06-29.Caceis yet to book.,1859875413
140,80_4551426004_Integrata,,1859874859,OB,OB,No-pair,proceeds sell,Integrata booked the proceeds sell for SD 2021-06-29.Caceis yet to book.,1859874859
141,109_4551426004_Integrata,,1859874867,OB,OB,No-pair,proceeds sell,Integrata booked the proceeds sell for SD 2021-06-29.Caceis yet to book.,1859874867
142,49_4551426004_Integrata,,1859874734,OB,OB,No-pair,proceeds sell,Integrata booked the proceeds sell for SD 2021-06-29.Caceis yet to book.,1859874734
143,105_4551426004_Integrata,,1859874742,OB,OB,No-pair,proceeds sell,Integrata booked the proceeds sell for SD 2021-06-29.Caceis yet to book.,1859874742
144,153_4551426004_Integrata,,1859874816,OB,OB,No-pair,proceeds sell,Integrata booked the proceeds sell for SD 2021-06-29.Caceis yet to book.,1859874816
145,151_4551426004_Integrata,,1859874822,OB,OB,No-pair,proceeds sell,Integrata booked the proceeds sell for SD 2021-06-29.Caceis yet to book.,1859874822
146,19_4551426007_Integrata,,1859875414,OB,OB,No-pair,proceeds sell,Integrata booked the proceeds sell for SD 2021-06-24.Caceis yet to book.,1859875414
147,10_4551426004_Integrata,,1859874879,OB,OB,No-pair,proceeds sell,Integrata booked the proceeds sell for SD 2021-06-24.Caceis yet to book.,1859874879
148,19_4551426004_Integrata,,1859874888,OB,OB,No-pair,proceeds sell,Integrata booked the proceeds sell for SD 2021-06-24.Caceis yet to book.,1859874888
149,132_4551426007_Integrata,,1859875415,OB,OB,No-pair,proceeds sell,Integrata booked the proceeds sell for SD 2021-06-24.Caceis yet to book.,1859875415
150,55_4551426004_Integrata,,1859874870,OB,OB,No-pair,proceeds sell,Integrata booked the proceeds sell for SD 2021-06-24.Caceis yet to book.,1859874870
151,135_4551426007_Integrata,,1859875416,OB,OB,No-pair,proceeds sell,Integrata booked the proceeds sell for SD 2021-06-25.Caceis yet to book.,1859875416
152,132_4551426004_Integrata,,1859874880,OB,OB,No-pair,proceeds sell,Integrata booked the proceeds sell for SD 2021-06-24.Caceis yet to book.,1859874880
153,94_4551426004_Integrata,,1859874751,OB,OB,No-pair,proceeds sell,Integrata booked the proceeds sell for SD 2021-06-24.Caceis yet to book.,1859874751
154,117_4551426004_Integrata,,1859874864,OB,OB,No-pair,proceeds sell,Integrata booked the proceeds sell for SD 2021-06-23.Caceis yet to book.,1859874864
155,3_4551426004_Integrata,,1859874839,OB,OB,No-pair,proceeds sell,Integrata booked the proceeds sell for SD 2021-06-25.Caceis yet to book.,1859874839
156,135_4551426004_Integrata,,1859874845,OB,OB,No-pair,proceeds sell,Integrata booked the proceeds sell for SD 2021-06-25.Caceis yet to book.,1859874845
157,117_4551426007_Integrata,,1859875417,OB,OB,No-pair,proceeds sell,Integrata booked the proceeds sell for SD 2021-06-23.Caceis yet to book.,1859875417
158,54_4551426004_Integrata,,1859874854,OB,OB,No-pair,proceeds sell,Integrata booked the proceeds sell for SD 2021-06-23.Caceis yet to book.,1859874854
159,57_4551426004_Integrata,,1859874890,OB,OB,No-pair,proceeds sell,Integrata booked the proceeds sell for SD 2021-06-23.Caceis yet to book.,1859874890
160,142_4551426007_Integrata,,1859875419,OB,OB,No-pair,proceeds sell,Integrata booked the proceeds sell for SD 2021-06-24.Caceis yet to book.,1859875419
161,23_4551426004_Integrata,,1859874878,OB,OB,No-pair,proceeds sell,Integrata booked the proceeds sell for SD 2021-06-24.Caceis yet to book.,1859874878
162,70_4551426004_Integrata,,1859874849,OB,OB,No-pair,proceeds sell,Integrata booked the proceeds sell for SD 2021-06-23.Caceis yet to book.,1859874849
163,20_4551426004_Integrata,,1859874732,OB,OB,No-pair,proceeds sell,Integrata booked the proceeds sell for SD 2021-06-23.Caceis yet to book.,1859874732
164,31_4551426004_Integrata,,1859874746,OB,OB,No-pair,proceeds sell,Integrata booked the proceeds sell for SD 2021-06-23.Caceis yet to book.,1859874746
165,68_4551426007_Integrata,,1859875420,OB,OB,No-pair,proceeds sell,Integrata booked the proceeds sell for SD 2021-06-24.Caceis yet to book.,1859875420
166,64_4551426004_Integrata,,1859874846,OB,OB,No-pair,proceeds sell,Integrata booked the proceeds sell for SD 2021-06-24.Caceis yet to book.,1859874846
167,68_4551426004_Integrata,,1859874856,OB,OB,No-pair,proceeds sell,Integrata booked the proceeds sell for SD 2021-06-24.Caceis yet to book.,1859874856
168,18_4551426007_Integrata,,1859875421,OB,OB,No-pair,proceeds sell,Integrata booked the proceeds sell for SD 2021-06-28.Caceis yet to book.,1859875421
169,52_4551426007_Integrata,,1859875423,OB,OB,No-pair,proceeds sell,Integrata booked the proceeds sell for SD 2021-06-28.Caceis yet to book.,1859875423
170,114_4551426007_Integrata,,1859875424,OB,OB,No-pair,proceeds sell,Integrata booked the proceeds sell for SD 2021-06-29.Caceis yet to book.,1859875424
171,63_4551426007_Integrata,,1859875426,OB,OB,No-pair,proceeds sell,Integrata booked the proceeds sell for SD 2021-06-23.Caceis yet to book.,1859875426
172,111_4551426007_Integrata,,1859875427,OB,OB,No-pair,proceeds sell,Integrata booked the proceeds sell for SD 2021-06-29.Caceis yet to book.,1859875427
173,67_4551426004_Integrata,,1859874838,OB,OB,No-pair,proceeds sell,Integrata booked the proceeds sell for SD 2021-06-29.Caceis yet to book.,1859874838
174,71_4551426007_Integrata,,1859875428,OB,OB,No-pair,proceeds sell,Integrata booked the proceeds sell for SD 2021-06-28.Caceis yet to book.,1859875428
175,111_4551426004_Integrata,,1859874851,OB,OB,No-pair,proceeds sell,Integrata booked the proceeds sell for SD 2021-06-29.Caceis yet to book.,1859874851
176,22_4551426007_Integrata,,1859875429,OB,OB,No-pair,proceeds sell,Integrata booked the proceeds sell for SD 2021-06-24.Caceis yet to book.,1859875429
177,77_4551426007_Integrata,,1859875430,OB,OB,No-pair,proceeds sell,Integrata booked the proceeds sell for SD 2021-06-28.Caceis yet to book.,1859875430
178,18_4551426004_Integrata,,1859874889,OB,OB,No-pair,proceeds sell,Integrata booked the proceeds sell for SD 2021-06-28.Caceis yet to book.,1859874889
179,77_4551426004_Integrata,,1859874893,OB,OB,No-pair,proceeds sell,Integrata booked the proceeds sell for SD 2021-06-28.Caceis yet to book.,1859874893
180,103_4551426004_Integrata,,1859874800,OB,OB,No-pair,proceeds sell,Integrata booked the proceeds sell for SD 2021-06-28.Caceis yet to book.,1859874800
181,122_4551426004_Integrata,,1859874808,OB,OB,No-pair,proceeds sell,Integrata booked the proceeds sell for SD 2021-06-28.Caceis yet to book.,1859874808
182,129_4551426007_Integrata,,1859875432,OB,OB,No-pair,proceeds sell,Integrata booked the proceeds sell for SD 2021-06-28.Caceis yet to book.,1859875432
183,52_4551426004_Integrata,,1859874840,OB,OB,No-pair,proceeds sell,Integrata booked the proceeds sell for SD 2021-06-28.Caceis yet to book.,1859874840
184,129_4551426004_Integrata,,1859874848,OB,OB,No-pair,proceeds sell,Integrata booked the proceeds sell for SD 2021-06-28.Caceis yet to book.,1859874848
185,131_4551426007_Integrata,,1859875433,OB,OB,No-pair,proceeds sell,Integrata booked the proceeds sell for SD 2021-06-29.Caceis yet to book.,1859875433
186,114_4551426004_Integrata,,1859874873,OB,OB,No-pair,proceeds sell,Integrata booked the proceeds sell for SD 2021-06-29.Caceis yet to book.,1859874873
187,131_4551426004_Integrata,,1859874881,OB,OB,No-pair,proceeds sell,Integrata booked the proceeds sell for SD 2021-06-29.Caceis yet to book.,1859874881
188,70_4551426007_Integrata,,1859875435,OB,OB,No-pair,proceeds sell,Integrata booked the proceeds sell for SD 2021-06-23.Caceis yet to book.,1859875435
189,63_4551426004_Integrata,,1859874844,OB,OB,No-pair,proceeds sell,Integrata booked the proceeds sell for SD 2021-06-23.Caceis yet to book.,1859874844
190,81_4551426004_Integrata,,1859874863,OB,OB,No-pair,proceeds sell,Integrata booked the proceeds sell for SD 2021-06-28.Caceis yet to book.,1859874863
191,81_4551426007_Integrata,,1859875436,OB,OB,No-pair,proceeds sell,Integrata booked the proceeds sell for SD 2021-06-28.Caceis yet to book.,1859875436
192,71_4551426004_Integrata,,1859874855,OB,OB,No-pair,proceeds sell,Integrata booked the proceeds sell for SD 2021-06-28.Caceis yet to book.,1859874855
193,143_4551426004_Integrata,,1859874850,OB,OB,No-pair,proceeds sell,Integrata booked the proceeds sell for SD 2021-06-24.Caceis yet to book.,1859874850
194,69_4551426007_Integrata,,1859875438,OB,OB,No-pair,proceeds sell,Integrata booked the proceeds sell for SD 2021-06-28.Caceis yet to book.,1859875438
195,24_4551426007_Integrata,,1859875440,OB,OB,No-pair,proceeds sell,Integrata booked the proceeds sell for SD 2021-06-24.Caceis yet to book.,1859875440
196,22_4551426004_Integrata,,1859874865,OB,OB,No-pair,proceeds sell,Integrata booked the proceeds sell for SD 2021-06-24.Caceis yet to book.,1859874865
197,24_4551426004_Integrata,,1859874874,OB,OB,No-pair,proceeds sell,Integrata booked the proceeds sell for SD 2021-06-24.Caceis yet to book.,1859874874
198,73_4551426004_Integrata,,1859874852,OB,OB,No-pair,proceeds sell,Integrata booked the proceeds sell for SD 2021-06-28.Caceis yet to book.,1859874852
199,57_4551426007_Integrata,,1859875442,OB,OB,No-pair,proceeds sell,Integrata booked the proceeds sell for SD 2021-06-23.Caceis yet to book.,1859875442
200,67_4551426007_Integrata,,1859875443,OB,OB,No-pair,proceeds sell,Integrata booked the proceeds sell for SD 2021-06-29.Caceis yet to book.,1859875443
201,32_4551426007_Integrata,,1859875444,OB,OB,No-pair,proceeds sell,Integrata booked the proceeds sell for SD 2021-06-24.Caceis yet to book.,1859875444
202,4_4551426007_Integrata,,1859875445,OB,OB,No-pair,proceeds sell,Integrata booked the proceeds sell for SD 2021-06-25.Caceis yet to book.,1859875445
203,28_4551426007_Integrata,,1859875446,OB,OB,No-pair,proceeds sell,Integrata booked the proceeds sell for SD 2021-06-25.Caceis yet to book.,1859875446
204,25_4551426004_Integrata,,1859874877,OB,OB,No-pair,proceeds sell,Integrata booked the proceeds sell for SD 2021-06-25.Caceis yet to book.,1859874877
205,28_4551426004_Integrata,,1859874887,OB,OB,No-pair,proceeds sell,Integrata booked the proceeds sell for SD 2021-06-25.Caceis yet to book.,1859874887
206,75_4551426007_Integrata,,1859875447,OB,OB,No-pair,proceeds sell,Integrata booked the proceeds sell for SD 2021-06-28.Caceis yet to book.,1859875447
207,69_4551426004_Integrata,,1859874857,OB,OB,No-pair,proceeds sell,Integrata booked the proceeds sell for SD 2021-06-28.Caceis yet to book.,1859874857
208,75_4551426004_Integrata,,1859874869,OB,OB,No-pair,proceeds sell,Integrata booked the proceeds sell for SD 2021-06-28.Caceis yet to book.,1859874869
209,16_4551426007_Integrata,,1859875449,OB,OB,No-pair,proceeds sell,Integrata booked the proceeds sell for SD 2021-06-24.Caceis yet to book.,1859875449
210,11_4551426007_Integrata,,1859875450,OB,OB,No-pair,proceeds sell,Integrata booked the proceeds sell for SD 2021-06-28.Caceis yet to book.,1859875450
211,60_4551426007_Integrata,,1859875451,OB,OB,No-pair,proceeds sell,Integrata booked the proceeds sell for SD 2021-06-23.Caceis yet to book.,1859875451
212,60_4551426004_Integrata,,1859874894,OB,OB,No-pair,proceeds sell,Integrata booked the proceeds sell for SD 2021-06-23.Caceis yet to book.,1859874894
213,78_4551426007_Integrata,,1859875452,OB,OB,No-pair,proceeds sell,Integrata booked the proceeds sell for SD 2021-06-24.Caceis yet to book.,1859875452
214,141_4551426007_Integrata,,1859875453,OB,OB,No-pair,proceeds sell,Integrata booked the proceeds sell for SD 2021-06-25.Caceis yet to book.,1859875453
215,4_4551426004_Integrata,,1859874872,OB,OB,No-pair,proceeds sell,Integrata booked the proceeds sell for SD 2021-06-25.Caceis yet to book.,1859874872
216,141_4551426004_Integrata,,1859874884,OB,OB,No-pair,proceeds sell,Integrata booked the proceeds sell for SD 2021-06-25.Caceis yet to book.,1859874884
217,15_4551426007_Integrata,,1859875454,OB,OB,No-pair,proceeds sell,Integrata booked the proceeds sell for SD 2021-06-28.Caceis yet to book.,1859875454
218,25_4551426007_Integrata,,1859875455,OB,OB,No-pair,proceeds sell,Integrata booked the proceeds sell for SD 2021-06-25.Caceis yet to book.,1859875455
219,125_4551426007_Integrata,,1859875456,OB,OB,No-pair,proceeds sell,Integrata booked the proceeds sell for SD 2021-06-24.Caceis yet to book.,1859875456
220,16_4551426004_Integrata,,1859874882,OB,OB,No-pair,proceeds sell,Integrata booked the proceeds sell for SD 2021-06-24.Caceis yet to book.,1859874882
221,125_4551426004_Integrata,,1859874892,OB,OB,No-pair,proceeds sell,Integrata booked the proceeds sell for SD 2021-06-24.Caceis yet to book.,1859874892
222,5_4551426007_Integrata,,1859875457,OB,OB,No-pair,proceeds sell,Integrata booked the proceeds sell for SD 2021-06-24.Caceis yet to book.,1859875457
223,8_4551426007_Integrata,,1859875458,OB,OB,No-pair,proceeds sell,Integrata booked the proceeds sell for SD 2021-06-28.Caceis yet to book.,1859875458
224,143_4551426007_Integrata,,1859875459,OB,OB,No-pair,proceeds sell,Integrata booked the proceeds sell for SD 2021-06-24.Caceis yet to book.,1859875459
225,5_4551426004_Integrata,,1859874842,OB,OB,No-pair,proceeds sell,Integrata booked the proceeds sell for SD 2021-06-24.Caceis yet to book.,1859874842
226,73_4551426007_Integrata,,1859875460,OB,OB,No-pair,proceeds sell,Integrata booked the proceeds sell for SD 2021-06-28.Caceis yet to book.,1859875460
227,8_4551426004_Integrata,,1859874843,OB,OB,No-pair,proceeds sell,Integrata booked the proceeds sell for SD 2021-06-28.Caceis yet to book.,1859874843
