,Side0_UniqueIds,Side1_UniqueIds,BreakID,ViewData.Status,predicted status,predicted action,predicted category,predicted comment,custodian_val_to_use_comgen
0,,76_2491430053_Barclays,1859897354,OB,UCB,Close,Close,,Barclays
1,,73_2491400083_Barclays,1859772987,OB,UCB,Close,Close,,Barclays
2,,68_2491400083_Barclays,1859772994,OB,UCB,Close,Close,,Barclays
3,,78_2491400083_Barclays,1859772973,OB,UCB,Close,Close,,Barclays
4,,78_2491430053_Barclays,1859897363,OB,UCB,Close,Close,,Barclays
5,,67_2491400083_Barclays,1859772982,OB,UCB,Close,Close,,Barclays
6,,78_2491430067_Barclays,1859905418,OB,UCB,Close,Close,,Barclays
7,,69_2491426018_Barclays,1859877560,OB,UCB,Close,Close,,Barclays
8,,77_2491400031_Barclays,1859744725,OB,UCB,Close,Close,,Barclays
9,,73_2491426018_Barclays,1859877568,OB,UCB,Close,Close,,Barclays
10,,77_2491430067_Barclays,1859905405,OB,UCB,Close,Close,,Barclays
11,,70_2491400031_Barclays,1859744710,OB,UCB,Close,Close,,Barclays
12,,70_2491400083_Barclays,1859772969,OB,UCB,Close,Close,,Barclays
13,,77_2491430053_Barclays,1859897356,OB,UCB,Close,Close,,Barclays
14,,71_2491400031_Barclays,1859744747,OB,UCB,Close,Close,,Barclays
15,,68_2491426018_Barclays,1859877556,OB,UCB,Close,Close,,Barclays
16,,69_2491400083_Barclays,1859773003,OB,UCB,Close,Close,,Barclays
17,,75_2491430067_Barclays,1859905406,OB,UCB,Close,Close,,Barclays
18,,76_2491400031_Barclays,1859744700,OB,UCB,Close,Close,,Barclays
19,,72_2491426018_Barclays,1859877603,OB,UCB,Close,Close,,Barclays
20,,75_2491430053_Barclays,1859897344,OB,UCB,Close,Close,,Barclays
21,,74_2491400083_Barclays,1859773012,OB,UCB,Close,Close,,Barclays
22,,71_2491430067_Barclays,1859905426,OB,UCB,Close,Close,,Barclays
23,,71_2491430053_Barclays,1859897330,OB,UCB,Close,Close,,Barclays
24,,72_2491400083_Barclays,1859772997,OB,UCB,Close,Close,,Barclays
25,,70_2491430067_Barclays,1859905401,OB,UCB,Close,Close,,Barclays
26,,75_2491400083_Barclays,1859772932,OB,UCB,Close,Close,,Barclays
27,,70_2491430053_Barclays,1859897376,OB,UCB,Close,Close,,Barclays
28,,71_2491400083_Barclays,1859772931,OB,UCB,Close,Close,,Barclays
29,,77_2491400083_Barclays,1859772957,OB,UCB,Close,Close,,Barclays
30,,76_2491400083_Barclays,1859772986,OB,UCB,Close,Close,,Barclays
31,,75_2491430086_Barclays,1859922758,OB,UCB,Close,Close,,Barclays
32,,88_2491430086_Barclays,1859922761,OB,UCB,Close,Close,,Barclays
33,,69_2491430086_Barclays,1859922771,OB,UCB,Close,Close,,Barclays
34,,80_2491430086_Barclays,1859922772,OB,UCB,Close,Close,,Barclays
35,,76_2491430086_Barclays,1859922779,OB,UCB,Close,Close,,Barclays
36,,85_2491430086_Barclays,1859922781,OB,UCB,Close,Close,,Barclays
37,,76_2491430067_Barclays,1859905396,OB,UCB,Close,Close,,Barclays
38,,83_2491430086_Barclays,1859922799,OB,UCB,Close,Close,,Barclays
39,,81_2491430086_Barclays,1859922806,OB,UCB,Close,Close,,Barclays
40,,70_2491430086_Barclays,1859922813,OB,UCB,Close,Close,,Barclays
41,,71_2491430086_Barclays,1859922819,OB,UCB,Close,Close,,Barclays
42,,82_2491430086_Barclays,1859922826,OB,UCB,Close,Close,,Barclays
43,,84_2491430086_Barclays,1859922832,OB,UCB,Close,Close,,Barclays
44,,72_2491430086_Barclays,1859922844,OB,UCB,Close,Close,,Barclays
45,,86_2491430086_Barclays,1859922851,OB,UCB,Close,Close,,Barclays
46,,79_2491400031_Barclays,1859744742,OB,UCB,Close,Close,,Barclays
47,,78_2491426018_Barclays,1859877609,OB,UCB,Close,Close,,Barclays
48,,69_2491430053_Barclays,1859897371,OB,UCB,Close,Close,,Barclays
49,,80_2491400031_Barclays,1859744745,OB,UCB,Close,Close,,Barclays
50,,69_2491430067_Barclays,1859905393,OB,UCB,Close,Close,,Barclays
51,,74_2491426018_Barclays,1859877584,OB,UCB,Close,Close,,Barclays
52,,76_2491426018_Barclays,1859877585,OB,UCB,Close,Close,,Barclays
53,,79_2491426018_Barclays,1859877615,OB,UCB,Close,Close,,Barclays
54,,77_2491426018_Barclays,1859877597,OB,UCB,Close,Close,,Barclays
55,,68_2491430067_Barclays,1859905407,OB,UCB,Close,Close,,Barclays
56,,72_2491430053_Barclays,1859897331,OB,UCB,Close,Close,,Barclays
57,,68_2491430053_Barclays,1859897360,OB,UCB,Close,Close,,Barclays
58,,74_2491430067_Barclays,1859905416,OB,UCB,Close,Close,,Barclays
59,,72_2491430067_Barclays,1859905411,OB,UCB,Close,Close,,Barclays
60,,74_2491430053_Barclays,1859897332,OB,UCB,Close,Close,,Barclays
61,,67_2491430067_Barclays,1859905435,OB,UCB,Close,Close,,Barclays
62,,78_2491400031_Barclays,1859744716,OB,UCB,Close,Close,,Barclays
63,,67_2491430053_Barclays,1859897338,OB,UCB,Close,Close,,Barclays
64,,75_2491426018_Barclays,1859877573,OB,UCB,Close,Close,,Barclays
65,,73_2491430053_Barclays,1859897348,OB,UCB,Close,Close,,Barclays
66,,73_2491430067_Barclays,1859905420,OB,UCB,Close,Close,,Barclays
67,,77_2491430086_Barclays,1859922787,OB,UCB,Close,Close,,Barclays
68,,79_2491430086_Barclays,1859922793,OB,UCB,Close,Close,,Barclays
69,,78_2491430086_Barclays,1859922838,OB,UCB,Close,Close,,Barclays
70,"['36_2491400031_Integrata', '35_2491400031_Integrata', '34_2491400031_Integrata', None, None, None]","[None, None, None, '67_2491400031_Barclays', '68_2491400031_Barclays', '69_2491400031_Barclays']","[1859744640, 1859744650, 1859744641, 1859744746, 1859744750, 1859744752]","['OB', 'OB', 'OB', 'OB', 'OB', 'OB']",UMR,UMR,match,match,Barclays
71,"['38_2491400031_Integrata', '39_2491400031_Integrata', '37_2491400031_Integrata', None, None, None]","[None, None, None, '73_2491400031_Barclays', '75_2491400031_Barclays', '74_2491400031_Barclays']","[1859744637, 1859744645, 1859744649, 1859744751, 1859744753, 1859744749]","['OB', 'OB', 'OB', 'OB', 'OB', 'OB']",UMR,UMR,match,match,Barclays
72,"[None, None, '17_2491430086_Integrata', None]","['34_2491430053_Barclays', '34_2491430067_Barclays', None, '33_2491430086_Barclays']","[1859897351, 1859905442, 1859922770, 1859922778]","['OB', 'OB', 'OB', 'OB']",UMR,UMR,match,match,Barclays
73,"[None, None, '19_2491430086_Integrata', None]","['38_2491430053_Barclays', '38_2491430067_Barclays', None, '37_2491430086_Barclays']","[1859897346, 1859905444, 1859922788, 1859922809]","['OB', 'OB', 'OB', 'OB']",UMR,UMR,match,match,Barclays
74,"[None, None, None, '14_2491430086_Integrata']","['24_2491430067_Barclays', '24_2491430053_Barclays', '23_2491430086_Barclays', None]","[1859905409, 1859897398, 1859922815, 1859922847]","['OB', 'OB', 'OB', 'OB']",UMR,UMR,match,match,Barclays
75,"[None, None, None, '12_2491430086_Integrata']","['26_2491430067_Barclays', '26_2491430053_Barclays', '25_2491430086_Barclays', None]","[1859905430, 1859897406, 1859922827, 1859922836]","['OB', 'OB', 'OB', 'OB']",UMR,UMR,match,match,Barclays
76,"[None, None, '15_2491430086_Integrata', None]","['30_2491430067_Barclays', '30_2491430053_Barclays', None, '29_2491430086_Barclays']","[1859905467, 1859897422, 1859922760, 1859922850]","['OB', 'OB', 'OB', 'OB']",UMR,UMR,match,match,Barclays
77,"[None, None, '16_2491430086_Integrata', None]","['32_2491430067_Barclays', '32_2491430053_Barclays', None, '31_2491430086_Barclays']","[1859905477, 1859897345, 1859922757, 1859922858]","['OB', 'OB', 'OB', 'OB']",UMR,UMR,match,match,Barclays
78,"[None, None, '18_2491430086_Integrata', None]","['36_2491430067_Barclays', '36_2491430053_Barclays', None, '35_2491430086_Barclays']","[1859905463, 1859897353, 1859922780, 1859922794]","['OB', 'OB', 'OB', 'OB']",UMR,UMR,match,match,Barclays
79,"[None, None, None, '13_2491430086_Integrata']","['22_2491430067_Barclays', '22_2491430053_Barclays', '21_2491430086_Barclays', None]","[1859905388, 1859897387, 1859922802, 1859922841]","['OB', 'OB', 'OB', 'OB']",UMR,UMR,match,match,Barclays
80,"[None, None, None, '10_2491430086_Integrata']","['20_2491430067_Barclays', '20_2491430053_Barclays', '19_2491430086_Barclays', None]","[1859905479, 1859897373, 1859922789, 1859922824]","['OB', 'OB', 'OB', 'OB']",UMR,UMR,match,match,Barclays
81,"[None, None, '7_2491430086_Integrata', None]","['16_2491430067_Barclays', '16_2491430053_Barclays', None, '15_2491430086_Barclays']","[1859905457, 1859897426, 1859922807, 1859922853]","['OB', 'OB', 'OB', 'OB']",UMR,UMR,match,match,Barclays
82,"[None, None, '11_2491430086_Integrata', None]","['28_2491430053_Barclays', '28_2491430067_Barclays', None, '27_2491430086_Barclays']","[1859897410, 1859905451, 1859922831, 1859922839]","['OB', 'OB', 'OB', 'OB']",UMR,UMR,match,match,Barclays
83,"[None, None, '9_2491430086_Integrata', None]","['14_2491430053_Barclays', '14_2491430067_Barclays', None, '13_2491430086_Barclays']","[1859897420, 1859905438, 1859922818, 1859922843]","['OB', 'OB', 'OB', 'OB']",UMR,UMR,match,match,Barclays
84,"[None, None, None, '8_2491430086_Integrata']","['18_2491430053_Barclays', '18_2491430067_Barclays', '17_2491430086_Barclays', None]","[1859897350, 1859905470, 1859922774, 1859922812]","['OB', 'OB', 'OB', 'OB']",UMR,UMR,match,match,Barclays
85,"[None, None, '6_2491430086_Integrata', None]","['8_2491430053_Barclays', '8_2491430067_Barclays', None, '7_2491430086_Barclays']","[1859897397, 1859905453, 1859922798, 1859922804]","['OB', 'OB', 'OB', 'OB']",UMR,UMR,match,match,Barclays
86,"[None, None, '4_2491430086_Integrata', None]","['12_2491430067_Barclays', '12_2491430053_Barclays', None, '11_2491430086_Barclays']","[1859905423, 1859897412, 1859922782, 1859922829]","['OB', 'OB', 'OB', 'OB']",UMR,UMR,match,match,Barclays
87,"[None, None, '2_2491430086_Integrata', None]","['4_2491430053_Barclays', '4_2491430067_Barclays', None, '3_2491430086_Barclays']","[1859897366, 1859905427, 1859922762, 1859922776]","['OB', 'OB', 'OB', 'OB']",UMR,UMR,match,match,Barclays
88,"[None, None, '3_2491430086_Integrata', None]","['6_2491430067_Barclays', '6_2491430053_Barclays', None, '5_2491430086_Barclays']","[1859905432, 1859897386, 1859922773, 1859922791]","['OB', 'OB', 'OB', 'OB']",UMR,UMR,match,match,Barclays
89,"[None, None, '1_2491430086_Integrata', None]","['2_2491430067_Barclays', '2_2491430053_Barclays', None, '1_2491430086_Barclays']","[1859905403, 1859897343, 1859922759, 1859922763]","['OB', 'OB', 'OB', 'OB']",UMR,UMR,match,match,Barclays
90,"[None, None, '5_2491430086_Integrata', None]","['10_2491430053_Barclays', '10_2491430067_Barclays', None, '9_2491430086_Barclays']","[1859897405, 1859905468, 1859922790, 1859922816]","['OB', 'OB', 'OB', 'OB']",UMR,UMR,match,match,Barclays
91,"['29_2491430086_Integrata', None, None, None]","[None, '56_2491430053_Barclays', '56_2491430067_Barclays', '55_2491430086_Barclays']","[1859922755, 1859897378, 1859905465, 1859922800]","['OB', 'OB', 'OB', 'OB']",UMR,UMR,match,match,Barclays
92,"['28_2491430086_Integrata', None, None, None]","[None, '58_2491430067_Barclays', '58_2491430053_Barclays', '57_2491430086_Barclays']","[1859922754, 1859905476, 1859897417, 1859922828]","['OB', 'OB', 'OB', 'OB']",UMR,UMR,match,match,Barclays
93,"['32_2491430086_Integrata', None, None, None]","[None, '64_2491430067_Barclays', '64_2491430053_Barclays', '63_2491430086_Barclays']","[1859922749, 1859905385, 1859897407, 1859922840]","['OB', 'OB', 'OB', 'OB']",UMR,UMR,match,match,Barclays
94,"['33_2491430086_Integrata', None, None, None]","[None, '66_2491430053_Barclays', '66_2491430067_Barclays', '65_2491430086_Barclays']","[1859922750, 1859897334, 1859905408, 1859922860]","['OB', 'OB', 'OB', 'OB']",UMR,UMR,match,match,Barclays
95,"['31_2491430086_Integrata', None, None, None]","[None, '62_2491430053_Barclays', '62_2491430067_Barclays', '61_2491430086_Barclays']","[1859922745, 1859897428, 1859905483, 1859922817]","['OB', 'OB', 'OB', 'OB']",UMR,UMR,match,match,Barclays
96,"['27_2491430086_Integrata', None, None, None]","[None, '54_2491430067_Barclays', '54_2491430053_Barclays', '53_2491430086_Barclays']","[1859922753, 1859905445, 1859897388, 1859922786]","['OB', 'OB', 'OB', 'OB']",UMR,UMR,match,match,Barclays
97,"['25_2491430086_Integrata', None, None, None]","[None, '50_2491430067_Barclays', '50_2491430053_Barclays', '49_2491430086_Barclays']","[1859922752, 1859905469, 1859897408, 1859922756]","['OB', 'OB', 'OB', 'OB']",UMR,UMR,match,match,Barclays
98,"['30_2491430086_Integrata', None, None, None]","[None, '60_2491430053_Barclays', '60_2491430067_Barclays', '59_2491430086_Barclays']","[1859922747, 1859897399, 1859905482, 1859922852]","['OB', 'OB', 'OB', 'OB']",UMR,UMR,match,match,Barclays
99,"[None, None, '26_2491430086_Integrata', None]","['52_2491430053_Barclays', '52_2491430067_Barclays', None, '51_2491430086_Barclays']","[1859897419, 1859905478, 1859922801, 1859922811]","['OB', 'OB', 'OB', 'OB']",UMR,UMR,match,match,Barclays
100,"['24_2491430086_Integrata', None, None, None]","[None, '46_2491430053_Barclays', '46_2491430067_Barclays', '45_2491430086_Barclays']","[1859922751, 1859897384, 1859905440, 1859922856]","['OB', 'OB', 'OB', 'OB']",UMR,UMR,match,match,Barclays
101,"['21_2491430086_Integrata', None, None, None]","[None, '42_2491430053_Barclays', '42_2491430067_Barclays', '41_2491430086_Barclays']","[1859922744, 1859897400, 1859905464, 1859922830]","['OB', 'OB', 'OB', 'OB']",UMR,UMR,match,match,Barclays
102,"['22_2491430086_Integrata', None, None, None]","[None, '44_2491430067_Barclays', '44_2491430053_Barclays', '43_2491430086_Barclays']","[1859922746, 1859905421, 1859897359, 1859922849]","['OB', 'OB', 'OB', 'OB']",UMR,UMR,match,match,Barclays
103,"[None, None, '20_2491430086_Integrata', None]","['40_2491430053_Barclays', '40_2491430067_Barclays', None, '39_2491430086_Barclays']","[1859897389, 1859905447, 1859922795, 1859922820]","['OB', 'OB', 'OB', 'OB']",UMR,UMR,match,match,Barclays
104,"['23_2491430086_Integrata', None, None, None]","[None, '48_2491430067_Barclays', '48_2491430053_Barclays', '47_2491430086_Barclays']","[1859922748, 1859905455, 1859897415, 1859922765]","['OB', 'OB', 'OB', 'OB']",UMR,UMR,match,match,Barclays
105,,45_2491400083_Barclays,1859773027,OB,UCB,Close,Close,,Barclays
106,,46_2491400083_Barclays,1859773030,OB,UCB,Close,Close,,Barclays
107,,23_2491430067_Barclays,1859905399,OB,UCB,Close,Close,,Barclays
108,,23_2491430053_Barclays,1859897393,OB,UCB,Close,Close,,Barclays
109,,61_2491400083_Barclays,1859773025,OB,UCB,Close,Close,,Barclays
110,,64_2491426018_Barclays,1859877645,OB,UCB,Close,Close,,Barclays
111,,63_2491400031_Barclays,1859744739,OB,UCB,Close,Close,,Barclays
112,,62_2491400083_Barclays,1859773029,OB,UCB,Close,Close,,Barclays
113,,64_2491400031_Barclays,1859744741,OB,UCB,Close,Close,,Barclays
114,,63_2491426018_Barclays,1859877643,OB,UCB,Close,Close,,Barclays
115,,26_2491400083_Barclays,1859773016,OB,UCB,Close,Close,,Barclays
116,,25_2491400083_Barclays,1859773008,OB,UCB,Close,Close,,Barclays
117,,19_2491400031_Barclays,1859744683,OB,UCB,Close,Close,,Barclays
118,,20_2491400031_Barclays,1859744696,OB,UCB,Close,Close,,Barclays
119,,23_2491426018_Barclays,1859877589,OB,UCB,Close,Close,,Barclays
120,,45_2491430053_Barclays,1859897374,OB,UCB,Close,Close,,Barclays
121,,45_2491430067_Barclays,1859905431,OB,UCB,Close,Close,,Barclays
122,,24_2491426018_Barclays,1859877600,OB,UCB,Close,Close,,Barclays
123,,62_2491400031_Barclays,1859744713,OB,UCB,Close,Close,,Barclays
124,,61_2491400031_Barclays,1859744705,OB,UCB,Close,Close,,Barclays
125,,54_2491426018_Barclays,1859877623,OB,UCB,Close,Close,,Barclays
126,,53_2491426018_Barclays,1859877620,OB,UCB,Close,Close,,Barclays
127,,60_2491400083_Barclays,1859773014,OB,UCB,Close,Close,,Barclays
128,,59_2491400031_Barclays,1859744722,OB,UCB,Close,Close,,Barclays
129,,59_2491400083_Barclays,1859773005,OB,UCB,Close,Close,,Barclays
130,,60_2491400031_Barclays,1859744732,OB,UCB,Close,Close,,Barclays
131,,53_2491400083_Barclays,1859772990,OB,UCB,Close,Close,,Barclays
132,,54_2491400083_Barclays,1859772996,OB,UCB,Close,Close,,Barclays
133,,19_2491430067_Barclays,1859905475,OB,UCB,Close,Close,,Barclays
134,,19_2491430053_Barclays,1859897364,OB,UCB,Close,Close,,Barclays
135,,19_2491426018_Barclays,1859877639,OB,UCB,Close,Close,,Barclays
136,,20_2491426018_Barclays,1859877642,OB,UCB,Close,Close,,Barclays
137,,59_2491426018_Barclays,1859877637,OB,UCB,Close,Close,,Barclays
138,,63_2491430067_Barclays,1859905460,OB,UCB,Close,Close,,Barclays
139,,60_2491426018_Barclays,1859877640,OB,UCB,Close,Close,,Barclays
140,,63_2491430053_Barclays,1859897403,OB,UCB,Close,Close,,Barclays
141,,53_2491430053_Barclays,1859897382,OB,UCB,Close,Close,,Barclays
142,,25_2491400031_Barclays,1859744698,OB,UCB,Close,Close,,Barclays
143,,25_2491426018_Barclays,1859877605,OB,UCB,Close,Close,,Barclays
144,,53_2491430067_Barclays,1859905481,OB,UCB,Close,Close,,Barclays
145,,26_2491400031_Barclays,1859744679,OB,UCB,Close,Close,,Barclays
146,,26_2491426018_Barclays,1859877557,OB,UCB,Close,Close,,Barclays
147,,45_2491426018_Barclays,1859877581,OB,UCB,Close,Close,,Barclays
148,,46_2491426018_Barclays,1859877594,OB,UCB,Close,Close,,Barclays
149,,61_2491430067_Barclays,1859905452,OB,UCB,Close,Close,,Barclays
150,,61_2491430053_Barclays,1859897427,OB,UCB,Close,Close,,Barclays
151,,63_2491400083_Barclays,1859773037,OB,UCB,Close,Close,,Barclays
152,,25_2491430067_Barclays,1859905422,OB,UCB,Close,Close,,Barclays
153,,64_2491400083_Barclays,1859773039,OB,UCB,Close,Close,,Barclays
154,,25_2491430053_Barclays,1859897402,OB,UCB,Close,Close,,Barclays
155,,23_2491400031_Barclays,1859744724,OB,UCB,Close,Close,,Barclays
156,,54_2491400031_Barclays,1859744717,OB,UCB,Close,Close,,Barclays
157,,53_2491400031_Barclays,1859744709,OB,UCB,Close,Close,,Barclays
158,,23_2491400083_Barclays,1859773011,OB,UCB,Close,Close,,Barclays
159,,24_2491400083_Barclays,1859773001,OB,UCB,Close,Close,,Barclays
160,,24_2491400031_Barclays,1859744733,OB,UCB,Close,Close,,Barclays
161,,59_2491430067_Barclays,1859905480,OB,UCB,Close,Close,,Barclays
162,,59_2491430053_Barclays,1859897394,OB,UCB,Close,Close,,Barclays
163,,46_2491400031_Barclays,1859744738,OB,UCB,Close,Close,,Barclays
164,,45_2491400031_Barclays,1859744730,OB,UCB,Close,Close,,Barclays
165,,61_2491426018_Barclays,1859877631,OB,UCB,Close,Close,,Barclays
166,,62_2491426018_Barclays,1859877635,OB,UCB,Close,Close,,Barclays
167,,19_2491400083_Barclays,1859772974,OB,UCB,Close,Close,,Barclays
168,,20_2491400083_Barclays,1859772985,OB,UCB,Close,Close,,Barclays
169,,54_2491430086_Barclays,1859922792,OB,UCB,Close,Close,,Barclays
170,,20_2491430086_Barclays,1859922796,OB,UCB,Close,Close,,Barclays
171,,24_2491430086_Barclays,1859922821,OB,UCB,Close,Close,,Barclays
172,,62_2491430086_Barclays,1859922822,OB,UCB,Close,Close,,Barclays
173,,26_2491430086_Barclays,1859922833,OB,UCB,Close,Close,,Barclays
174,,64_2491430086_Barclays,1859922846,OB,UCB,Close,Close,,Barclays
175,,60_2491430086_Barclays,1859922857,OB,UCB,Close,Close,,Barclays
176,,46_2491430086_Barclays,1859922859,OB,UCB,Close,Close,,Barclays
177,"['36_2491426018_Integrata', None]","[None, '70_2491426018_Barclays']","[1859877538, 1859877559]","['OB', 'OB']",UMR,UMR,match,match,Barclays
178,"['7_2491430053_Integrata', '7_2491430067_Integrata', '7_2491426018_Integrata', None, None, None, None, '7_2491400083_Integrata', None, None, None, '7_2491400031_Integrata', None, None]","[None, None, None, '15_2491400031_Barclays', '16_2491400031_Barclays', '16_2491400083_Barclays', '15_2491400083_Barclays', None, '15_2491430053_Barclays', '15_2491430067_Barclays', '15_2491426018_Barclays', None, '16_2491426018_Barclays', '16_2491430086_Barclays']","[1859897391, 1859905389, 1859877604, 1859744727, 1859744735, 1859773020, 1859773015, 1859772964, 1859897423, 1859905449, 1859877627, 1859744655, 1859877630, 1859922764]","['OB', 'OB', 'OB', 'OB', 'OB', 'OB', 'OB', 'OB', 'OB', 'OB', 'OB', 'OB', 'OB', 'OB']",UMR,UMR,match,match,Barclays
179,"['29_2491430053_Integrata', '29_2491400031_Integrata', '29_2491430067_Integrata', '29_2491426018_Integrata', '29_2491400083_Integrata', None, None, None, None, None, None, None, None, None]","[None, None, None, None, None, '56_2491426018_Barclays', '55_2491426018_Barclays', '55_2491430067_Barclays', '55_2491430053_Barclays', '55_2491400083_Barclays', '56_2491400083_Barclays', '55_2491400031_Barclays', '56_2491400031_Barclays', '56_2491430086_Barclays']","[1859897321, 1859744647, 1859905374, 1859877549, 1859772933, 1859877613, 1859877598, 1859905458, 1859897369, 1859773017, 1859773021, 1859744734, 1859744728, 1859922805]","['OB', 'OB', 'OB', 'OB', 'OB', 'OB', 'OB', 'OB', 'OB', 'OB', 'OB', 'OB', 'OB', 'OB']",UMR,UMR,match,match,Barclays
180,"['28_2491400083_Integrata', '28_2491426018_Integrata', '28_2491430067_Integrata', '28_2491430053_Integrata', '28_2491400031_Integrata', None, None, None, None, None, None, None, None, None]","[None, None, None, None, None, '58_2491426018_Barclays', '58_2491400083_Barclays', '57_2491400083_Barclays', '57_2491400031_Barclays', '57_2491426018_Barclays', '58_2491400031_Barclays', '57_2491430067_Barclays', '57_2491430053_Barclays', '58_2491430086_Barclays']","[1859772936, 1859877546, 1859905384, 1859897319, 1859744639, 1859877628, 1859773035, 1859773032, 1859744680, 1859877625, 1859744694, 1859905471, 1859897413, 1859922834]","['OB', 'OB', 'OB', 'OB', 'OB', 'OB', 'OB', 'OB', 'OB', 'OB', 'OB', 'OB', 'OB', 'OB']",UMR,UMR,match,match,Barclays
181,"['22_2491430067_Integrata', '22_2491426018_Integrata', '22_2491400083_Integrata', '22_2491430053_Integrata', '22_2491400031_Integrata', None, None, None, None, None, None, None, None, None]","[None, None, None, None, None, '44_2491426018_Barclays', '43_2491426018_Barclays', '43_2491400083_Barclays', '44_2491400083_Barclays', '43_2491430053_Barclays', '44_2491400031_Barclays', '43_2491430067_Barclays', '43_2491400031_Barclays', '44_2491430086_Barclays']","[1859905375, 1859877544, 1859772938, 1859897320, 1859744643, 1859877644, 1859877646, 1859773023, 1859773024, 1859897358, 1859744702, 1859905410, 1859744687, 1859922842]","['OB', 'OB', 'OB', 'OB', 'OB', 'OB', 'OB', 'OB', 'OB', 'OB', 'OB', 'OB', 'OB', 'OB']",UMR,UMR,match,match,Barclays
182,31_2491400083_Integrata,BB,1859772934,OB,OB,No-pair,wire,Integrata booked the wire transaction for SD 06-21-2021. Barclays  yet to book.,Barclays 
183,33_2491400031_Integrata,BB,1859744648,OB,OB,No-pair,wire,Integrata booked the wire transaction for SD 06-14-2021. Barclays  yet to book.,Barclays 
184,21_2491426018_Integrata,BB,1859877539,OB,OB,No-pair,wire,Integrata booked the wire transaction for SD 07-09-2021. Barclays  yet to book.,Barclays 
185,27_2491426018_Integrata,BB,1859877542,OB,OB,No-pair,wire,Integrata booked the wire transaction for SD 07-09-2021. Barclays  yet to book.,Barclays 
186,21_2491400031_Integrata,BB,1859744635,OB,OB,No-pair,wire,Integrata booked the wire transaction for SD 06-14-2021. Barclays  yet to book.,Barclays 
187,25_2491400031_Integrata,BB,1859744638,OB,OB,No-pair,wire,Integrata booked the wire transaction for SD 06-14-2021. Barclays  yet to book.,Barclays 
188,25_2491400083_Integrata,BB,1859772939,OB,OB,No-pair,wire,Integrata booked the wire transaction for SD 06-21-2021. Barclays  yet to book.,Barclays 
189,30_2491430067_Integrata,BB,1859905376,OB,OB,No-pair,wire,Integrata booked the wire transaction for SD 07-13-2021. Barclays  yet to book.,Barclays 
190,24_2491426018_Integrata,BB,1859877550,OB,OB,No-pair,wire,Integrata booked the wire transaction for SD 07-09-2021. Barclays  yet to book.,Barclays 
191,23_2491400031_Integrata,BB,1859744652,OB,OB,No-pair,wire,Integrata booked the wire transaction for SD 06-14-2021. Barclays  yet to book.,Barclays 
192,21_2491400083_Integrata,BB,1859772940,OB,OB,No-pair,wire,Integrata booked the wire transaction for SD 06-21-2021. Barclays  yet to book.,Barclays 
193,21_2491430053_Integrata,BB,1859897318,OB,OB,No-pair,wire,Integrata booked the wire transaction for SD 07-13-2021. Barclays  yet to book.,Barclays 
194,33_2491426018_Integrata,BB,1859877548,OB,OB,No-pair,wire,Integrata booked the wire transaction for SD 07-09-2021. Barclays  yet to book.,Barclays 
195,30_2491430053_Integrata,BB,1859897322,OB,OB,No-pair,wire,Integrata booked the wire transaction for SD 07-13-2021. Barclays  yet to book.,Barclays 
196,21_2491430067_Integrata,BB,1859905373,OB,OB,No-pair,wire,Integrata booked the wire transaction for SD 07-13-2021. Barclays  yet to book.,Barclays 
197,31_2491426018_Integrata,BB,1859877543,OB,OB,No-pair,wire,Integrata booked the wire transaction for SD 07-09-2021. Barclays  yet to book.,Barclays 
198,27_2491400031_Integrata,BB,1859744646,OB,OB,No-pair,wire,Integrata booked the wire transaction for SD 06-14-2021. Barclays  yet to book.,Barclays 
199,32_2491430053_Integrata,BB,1859897326,OB,OB,No-pair,wire,Integrata booked the wire transaction for SD 07-13-2021. Barclays  yet to book.,Barclays 
200,25_2491430067_Integrata,BB,1859905382,OB,OB,No-pair,wire,Integrata booked the wire transaction for SD 07-13-2021. Barclays  yet to book.,Barclays 
201,23_2491430053_Integrata,BB,1859897323,OB,OB,No-pair,wire,Integrata booked the wire transaction for SD 07-13-2021. Barclays  yet to book.,Barclays 
202,32_2491430067_Integrata,BB,1859905379,OB,OB,No-pair,wire,Integrata booked the wire transaction for SD 07-13-2021. Barclays  yet to book.,Barclays 
203,24_2491400083_Integrata,BB,1859772935,OB,OB,No-pair,wire,Integrata booked the wire transaction for SD 06-21-2021. Barclays  yet to book.,Barclays 
204,23_2491400083_Integrata,BB,1859772944,OB,OB,No-pair,wire,Integrata booked the wire transaction for SD 06-21-2021. Barclays  yet to book.,Barclays 
205,33_2491430067_Integrata,BB,1859905381,OB,OB,No-pair,wire,Integrata booked the wire transaction for SD 07-13-2021. Barclays  yet to book.,Barclays 
206,25_2491430053_Integrata,BB,1859897327,OB,OB,No-pair,wire,Integrata booked the wire transaction for SD 07-13-2021. Barclays  yet to book.,Barclays 
207,30_2491426018_Integrata,BB,1859877540,OB,OB,No-pair,wire,Integrata booked the wire transaction for SD 07-09-2021. Barclays  yet to book.,Barclays 
208,23_2491430067_Integrata,BB,1859905378,OB,OB,No-pair,wire,Integrata booked the wire transaction for SD 07-13-2021. Barclays  yet to book.,Barclays 
209,27_2491430067_Integrata,BB,1859905383,OB,OB,No-pair,wire,Integrata booked the wire transaction for SD 07-13-2021. Barclays  yet to book.,Barclays 
210,25_2491426018_Integrata,BB,1859877541,OB,OB,No-pair,wire,Integrata booked the wire transaction for SD 07-09-2021. Barclays  yet to book.,Barclays 
211,27_2491400083_Integrata,BB,1859772943,OB,OB,No-pair,wire,Integrata booked the wire transaction for SD 06-21-2021. Barclays  yet to book.,Barclays 
212,27_2491430053_Integrata,BB,1859897329,OB,OB,No-pair,wire,Integrata booked the wire transaction for SD 07-13-2021. Barclays  yet to book.,Barclays 
213,23_2491426018_Integrata,BB,1859877547,OB,OB,No-pair,wire,Integrata booked the wire transaction for SD 07-09-2021. Barclays  yet to book.,Barclays 
214,32_2491426018_Integrata,BB,1859877545,OB,OB,No-pair,wire,Integrata booked the wire transaction for SD 07-09-2021. Barclays  yet to book.,Barclays 
215,24_2491400031_Integrata,BB,1859744651,OB,OB,No-pair,wire,Integrata booked the wire transaction for SD 06-14-2021. Barclays  yet to book.,Barclays 
216,33_2491400083_Integrata,BB,1859772942,OB,OB,No-pair,wire,Integrata booked the wire transaction for SD 06-21-2021. Barclays  yet to book.,Barclays 
217,31_2491430053_Integrata,BB,1859897324,OB,OB,No-pair,wire,Integrata booked the wire transaction for SD 07-13-2021. Barclays  yet to book.,Barclays 
218,31_2491430067_Integrata,BB,1859905377,OB,OB,No-pair,wire,Integrata booked the wire transaction for SD 07-13-2021. Barclays  yet to book.,Barclays 
219,24_2491430053_Integrata,BB,1859897325,OB,OB,No-pair,wire,Integrata booked the wire transaction for SD 07-13-2021. Barclays  yet to book.,Barclays 
220,24_2491430067_Integrata,BB,1859905380,OB,OB,No-pair,wire,Integrata booked the wire transaction for SD 07-13-2021. Barclays  yet to book.,Barclays 
221,33_2491430053_Integrata,BB,1859897328,OB,OB,No-pair,wire,Integrata booked the wire transaction for SD 07-13-2021. Barclays  yet to book.,Barclays 
222,30_2491400031_Integrata,BB,1859744636,OB,OB,No-pair,wire,Integrata booked the wire transaction for SD 06-14-2021. Barclays  yet to book.,Barclays 
223,32_2491400083_Integrata,BB,1859772937,OB,OB,No-pair,wire,Integrata booked the wire transaction for SD 06-21-2021. Barclays  yet to book.,Barclays 
224,32_2491400031_Integrata,BB,1859744642,OB,OB,No-pair,wire,Integrata booked the wire transaction for SD 06-14-2021. Barclays  yet to book.,Barclays 
225,30_2491400083_Integrata,BB,1859772941,OB,OB,No-pair,wire,Integrata booked the wire transaction for SD 06-21-2021. Barclays  yet to book.,Barclays 
226,31_2491400031_Integrata,BB,1859744644,OB,OB,No-pair,wire,Integrata booked the wire transaction for SD 06-14-2021. Barclays  yet to book.,Barclays 
227,20_2491426018_Integrata,BB,1859877611,OB,OB,No-pair,proceeds trade settlement,Integrata booked the proceeds trade settlement transaction for SD 07-09-2021. Barclays  yet to book.,Barclays 
228,AA,31_2491400031_Barclays,1859744737,OB,OB,No-pair,proceeds trade settlement,Barclays  booked the proceeds trade settlement transaction for SD 06-14-2021. Integrata yet to book.,Barclays 
229,3_2491426018_Integrata,BB,1859877566,OB,OB,No-pair,proceeds trade settlement,Integrata booked the proceeds trade settlement transaction for SD 07-09-2021. Barclays  yet to book.,Barclays 
230,6_2491426018_Integrata,BB,1859877599,OB,OB,No-pair,proceeds trade settlement,Integrata booked the proceeds trade settlement transaction for SD 07-09-2021. Barclays  yet to book.,Barclays 
231,AA,32_2491400031_Barclays,1859744740,OB,OB,No-pair,proceeds trade settlement,Barclays  booked the proceeds trade settlement transaction for SD 06-15-2021. Integrata yet to book.,Barclays 
232,19_2491430067_Integrata,BB,1859905400,OB,OB,No-pair,proceeds trade settlement,Integrata booked the proceeds trade settlement transaction for SD 07-13-2021. Barclays  yet to book.,Barclays 
233,19_2491430053_Integrata,BB,1859897341,OB,OB,No-pair,proceeds trade settlement,Integrata booked the proceeds trade settlement transaction for SD 07-13-2021. Barclays  yet to book.,Barclays 
234,AA,28_2491426018_Barclays,1859877570,OB,OB,No-pair,proceeds trade settlement,Barclays  booked the proceeds trade settlement transaction for SD 07-12-2021. Integrata yet to book.,Barclays 
235,AA,6_2491400031_Barclays,1859744726,OB,OB,No-pair,proceeds trade settlement,Barclays  booked the proceeds trade settlement transaction for SD 06-15-2021. Integrata yet to book.,Barclays 
236,10_2491430053_Integrata,BB,1859897349,OB,OB,No-pair,proceeds trade settlement,Integrata booked the proceeds trade settlement transaction for SD 07-13-2021. Barclays  yet to book.,Barclays 
237,AA,10_2491400031_Barclays,1859744667,OB,OB,No-pair,proceeds trade settlement,Barclays  booked the proceeds trade settlement transaction for SD 06-15-2021. Integrata yet to book.,Barclays 
238,26_2491430067_Integrata,BB,1859905424,OB,OB,No-pair,proceeds trade settlement,Integrata booked the proceeds trade settlement transaction for SD 07-13-2021. Barclays  yet to book.,Barclays 
239,16_2491400031_Integrata,BB,1859744665,OB,OB,No-pair,proceeds trade settlement,Integrata booked the proceeds trade settlement transaction for SD 06-14-2021. Barclays  yet to book.,Barclays 
240,AA,13_2491426018_Barclays,1859877621,OB,OB,No-pair,proceeds trade settlement,Barclays  booked the proceeds trade settlement transaction for SD 07-09-2021. Integrata yet to book.,Barclays 
241,AA,17_2491400031_Barclays,1859744658,OB,OB,No-pair,proceeds trade settlement,Barclays  booked the proceeds trade settlement transaction for SD 06-14-2021. Integrata yet to book.,Barclays 
242,AA,65_2491430067_Barclays,1859905398,OB,OB,No-pair,proceeds trade settlement,Barclays  booked the proceeds trade settlement transaction for SD 07-13-2021. Integrata yet to book.,Barclays 
243,20_2491430067_Integrata,BB,1859905413,OB,OB,No-pair,proceeds trade settlement,Integrata booked the proceeds trade settlement transaction for SD 07-13-2021. Barclays  yet to book.,Barclays 
244,26_2491430053_Integrata,BB,1859897352,OB,OB,No-pair,proceeds trade settlement,Integrata booked the proceeds trade settlement transaction for SD 07-13-2021. Barclays  yet to book.,Barclays 
245,AA,14_2491426018_Barclays,1859877624,OB,OB,No-pair,proceeds trade settlement,Barclays  booked the proceeds trade settlement transaction for SD 07-12-2021. Integrata yet to book.,Barclays 
246,AA,39_2491426018_Barclays,1859877632,OB,OB,No-pair,proceeds trade settlement,Barclays  booked the proceeds trade settlement transaction for SD 07-09-2021. Integrata yet to book.,Barclays 
247,AA,22_2491400031_Barclays,1859744718,OB,OB,No-pair,proceeds trade settlement,Barclays  booked the proceeds trade settlement transaction for SD 06-15-2021. Integrata yet to book.,Barclays 
248,AA,65_2491430053_Barclays,1859897421,OB,OB,No-pair,proceeds trade settlement,Barclays  booked the proceeds trade settlement transaction for SD 07-13-2021. Integrata yet to book.,Barclays 
249,5_2491400031_Integrata,BB,1859744654,OB,OB,No-pair,proceeds trade settlement,Integrata booked the proceeds trade settlement transaction for SD 06-14-2021. Barclays  yet to book.,Barclays 
250,15_2491430067_Integrata,BB,1859905429,OB,OB,No-pair,proceeds trade settlement,Integrata booked the proceeds trade settlement transaction for SD 07-13-2021. Barclays  yet to book.,Barclays 
251,AA,39_2491400031_Barclays,1859744711,OB,OB,No-pair,proceeds trade settlement,Barclays  booked the proceeds trade settlement transaction for SD 06-14-2021. Integrata yet to book.,Barclays 
252,16_2491430053_Integrata,BB,1859897383,OB,OB,No-pair,proceeds trade settlement,Integrata booked the proceeds trade settlement transaction for SD 07-13-2021. Barclays  yet to book.,Barclays 
253,3_2491400083_Integrata,BB,1859772972,OB,OB,No-pair,proceeds trade settlement,Integrata booked the proceeds trade settlement transaction for SD 06-21-2021. Barclays  yet to book.,Barclays 
254,10_2491400083_Integrata,BB,1859772958,OB,OB,No-pair,proceeds trade settlement,Integrata booked the proceeds trade settlement transaction for SD 06-21-2021. Barclays  yet to book.,Barclays 
255,AA,35_2491400031_Barclays,1859744729,OB,OB,No-pair,proceeds trade settlement,Barclays  booked the proceeds trade settlement transaction for SD 06-14-2021. Integrata yet to book.,Barclays 
256,AA,7_2491426018_Barclays,1859877582,OB,OB,No-pair,proceeds trade settlement,Barclays  booked the proceeds trade settlement transaction for SD 07-09-2021. Integrata yet to book.,Barclays 
257,15_2491430053_Integrata,BB,1859897377,OB,OB,No-pair,proceeds trade settlement,Integrata booked the proceeds trade settlement transaction for SD 07-13-2021. Barclays  yet to book.,Barclays 
258,AA,8_2491426018_Barclays,1859877595,OB,OB,No-pair,proceeds trade settlement,Barclays  booked the proceeds trade settlement transaction for SD 07-12-2021. Integrata yet to book.,Barclays 
259,AA,40_2491400083_Barclays,1859773018,OB,OB,No-pair,proceeds trade settlement,Barclays  booked the proceeds trade settlement transaction for SD 06-22-2021. Integrata yet to book.,Barclays 
260,15_2491426018_Integrata,BB,1859877565,OB,OB,No-pair,proceeds trade settlement,Integrata booked the proceeds trade settlement transaction for SD 07-09-2021. Barclays  yet to book.,Barclays 
261,14_2491400031_Integrata,BB,1859744675,OB,OB,No-pair,proceeds trade settlement,Integrata booked the proceeds trade settlement transaction for SD 06-14-2021. Barclays  yet to book.,Barclays 
262,4_2491430067_Integrata,BB,1859905417,OB,OB,No-pair,proceeds trade settlement,Integrata booked the proceeds trade settlement transaction for SD 07-13-2021. Barclays  yet to book.,Barclays 
263,AA,40_2491400031_Barclays,1859744720,OB,OB,No-pair,proceeds trade settlement,Barclays  booked the proceeds trade settlement transaction for SD 06-15-2021. Integrata yet to book.,Barclays 
264,16_2491430067_Integrata,BB,1859905439,OB,OB,No-pair,proceeds trade settlement,Integrata booked the proceeds trade settlement transaction for SD 07-13-2021. Barclays  yet to book.,Barclays 
265,1_2491426018_Integrata,BB,1859877558,OB,OB,No-pair,proceeds trade settlement,Integrata booked the proceeds trade settlement transaction for SD 07-09-2021. Barclays  yet to book.,Barclays 
266,AA,33_2491430067_Barclays,1859905433,OB,OB,No-pair,proceeds trade settlement,Barclays  booked the proceeds trade settlement transaction for SD 07-13-2021. Integrata yet to book.,Barclays 
267,AA,8_2491400083_Barclays,1859772988,OB,OB,No-pair,proceeds trade settlement,Barclays  booked the proceeds trade settlement transaction for SD 06-22-2021. Integrata yet to book.,Barclays 
268,4_2491430053_Integrata,BB,1859897380,OB,OB,No-pair,proceeds trade settlement,Integrata booked the proceeds trade settlement transaction for SD 07-13-2021. Barclays  yet to book.,Barclays 
269,11_2491426018_Integrata,BB,1859877580,OB,OB,No-pair,proceeds trade settlement,Integrata booked the proceeds trade settlement transaction for SD 07-09-2021. Barclays  yet to book.,Barclays 
270,AA,5_2491400083_Barclays,1859772960,OB,OB,No-pair,proceeds trade settlement,Barclays  booked the proceeds trade settlement transaction for SD 06-21-2021. Integrata yet to book.,Barclays 
271,AA,33_2491430053_Barclays,1859897367,OB,OB,No-pair,proceeds trade settlement,Barclays  booked the proceeds trade settlement transaction for SD 07-13-2021. Integrata yet to book.,Barclays 
272,AA,7_2491400083_Barclays,1859772976,OB,OB,No-pair,proceeds trade settlement,Barclays  booked the proceeds trade settlement transaction for SD 06-21-2021. Integrata yet to book.,Barclays 
273,9_2491430067_Integrata,BB,1859905412,OB,OB,No-pair,proceeds trade settlement,Integrata booked the proceeds trade settlement transaction for SD 07-13-2021. Barclays  yet to book.,Barclays 
274,14_2491400083_Integrata,BB,1859772968,OB,OB,No-pair,proceeds trade settlement,Integrata booked the proceeds trade settlement transaction for SD 06-21-2021. Barclays  yet to book.,Barclays 
275,4_2491426018_Integrata,BB,1859877578,OB,OB,No-pair,proceeds trade settlement,Integrata booked the proceeds trade settlement transaction for SD 07-09-2021. Barclays  yet to book.,Barclays 
276,AA,6_2491400083_Barclays,1859772971,OB,OB,No-pair,proceeds trade settlement,Barclays  booked the proceeds trade settlement transaction for SD 06-22-2021. Integrata yet to book.,Barclays 
277,AA,33_2491400031_Barclays,1859744662,OB,OB,No-pair,proceeds trade settlement,Barclays  booked the proceeds trade settlement transaction for SD 06-14-2021. Integrata yet to book.,Barclays 
278,17_2491400083_Integrata,BB,1859772952,OB,OB,No-pair,proceeds trade settlement,Integrata booked the proceeds trade settlement transaction for SD 06-21-2021. Barclays  yet to book.,Barclays 
279,16_2491400083_Integrata,BB,1859772961,OB,OB,No-pair,proceeds trade settlement,Integrata booked the proceeds trade settlement transaction for SD 06-21-2021. Barclays  yet to book.,Barclays 
280,AA,65_2491400031_Barclays,1859744674,OB,OB,No-pair,proceeds trade settlement,Barclays  booked the proceeds trade settlement transaction for SD 06-14-2021. Integrata yet to book.,Barclays 
281,9_2491430053_Integrata,BB,1859897390,OB,OB,No-pair,proceeds trade settlement,Integrata booked the proceeds trade settlement transaction for SD 07-13-2021. Barclays  yet to book.,Barclays 
282,AA,39_2491400083_Barclays,1859773007,OB,OB,No-pair,proceeds trade settlement,Barclays  booked the proceeds trade settlement transaction for SD 06-21-2021. Integrata yet to book.,Barclays 
283,5_2491430053_Integrata,BB,1859897368,OB,OB,No-pair,proceeds trade settlement,Integrata booked the proceeds trade settlement transaction for SD 07-13-2021. Barclays  yet to book.,Barclays 
284,AA,34_2491400031_Barclays,1859744676,OB,OB,No-pair,proceeds trade settlement,Barclays  booked the proceeds trade settlement transaction for SD 06-15-2021. Integrata yet to book.,Barclays 
285,AA,27_2491400083_Barclays,1859773022,OB,OB,No-pair,proceeds trade settlement,Barclays  booked the proceeds trade settlement transaction for SD 06-21-2021. Integrata yet to book.,Barclays 
286,26_2491400031_Integrata,BB,1859744688,OB,OB,No-pair,proceeds trade settlement,Integrata booked the proceeds trade settlement transaction for SD 06-14-2021. Barclays  yet to book.,Barclays 
287,13_2491400083_Integrata,BB,1859772946,OB,OB,No-pair,proceeds trade settlement,Integrata booked the proceeds trade settlement transaction for SD 06-21-2021. Barclays  yet to book.,Barclays 
288,AA,66_2491400031_Barclays,1859744692,OB,OB,No-pair,proceeds trade settlement,Barclays  booked the proceeds trade settlement transaction for SD 06-15-2021. Integrata yet to book.,Barclays 
289,4_2491400031_Integrata,BB,1859744691,OB,OB,No-pair,proceeds trade settlement,Integrata booked the proceeds trade settlement transaction for SD 06-14-2021. Barclays  yet to book.,Barclays 
290,AA,28_2491400083_Barclays,1859773026,OB,OB,No-pair,proceeds trade settlement,Barclays  booked the proceeds trade settlement transaction for SD 06-22-2021. Integrata yet to book.,Barclays 
291,8_2491430067_Integrata,BB,1859905402,OB,OB,No-pair,proceeds trade settlement,Integrata booked the proceeds trade settlement transaction for SD 07-13-2021. Barclays  yet to book.,Barclays 
292,18_2491400031_Integrata,BB,1859744678,OB,OB,No-pair,proceeds trade settlement,Integrata booked the proceeds trade settlement transaction for SD 06-14-2021. Barclays  yet to book.,Barclays 
293,15_2491400031_Integrata,BB,1859744653,OB,OB,No-pair,proceeds trade settlement,Integrata booked the proceeds trade settlement transaction for SD 06-14-2021. Barclays  yet to book.,Barclays 
294,5_2491430067_Integrata,BB,1859905428,OB,OB,No-pair,proceeds trade settlement,Integrata booked the proceeds trade settlement transaction for SD 07-13-2021. Barclays  yet to book.,Barclays 
295,8_2491430053_Integrata,BB,1859897385,OB,OB,No-pair,proceeds trade settlement,Integrata booked the proceeds trade settlement transaction for SD 07-13-2021. Barclays  yet to book.,Barclays 
296,11_2491400083_Integrata,BB,1859772970,OB,OB,No-pair,proceeds trade settlement,Integrata booked the proceeds trade settlement transaction for SD 06-21-2021. Barclays  yet to book.,Barclays 
297,8_2491426018_Integrata,BB,1859877552,OB,OB,No-pair,proceeds trade settlement,Integrata booked the proceeds trade settlement transaction for SD 07-09-2021. Barclays  yet to book.,Barclays 
298,AA,40_2491426018_Barclays,1859877634,OB,OB,No-pair,proceeds trade settlement,Barclays  booked the proceeds trade settlement transaction for SD 07-12-2021. Integrata yet to book.,Barclays 
299,AA,11_2491400083_Barclays,1859773002,OB,OB,No-pair,proceeds trade settlement,Barclays  booked the proceeds trade settlement transaction for SD 06-21-2021. Integrata yet to book.,Barclays 
300,17_2491400031_Integrata,BB,1859744686,OB,OB,No-pair,proceeds trade settlement,Integrata booked the proceeds trade settlement transaction for SD 06-14-2021. Barclays  yet to book.,Barclays 
301,6_2491400031_Integrata,BB,1859744670,OB,OB,No-pair,proceeds trade settlement,Integrata booked the proceeds trade settlement transaction for SD 06-14-2021. Barclays  yet to book.,Barclays 
302,26_2491426018_Integrata,BB,1859877618,OB,OB,No-pair,proceeds trade settlement,Integrata booked the proceeds trade settlement transaction for SD 07-09-2021. Barclays  yet to book.,Barclays 
303,9_2491400031_Integrata,BB,1859744664,OB,OB,No-pair,proceeds trade settlement,Integrata booked the proceeds trade settlement transaction for SD 06-14-2021. Barclays  yet to book.,Barclays 
304,AA,2_2491400031_Barclays,1859744669,OB,OB,No-pair,proceeds trade settlement,Barclays  booked the proceeds trade settlement transaction for SD 06-15-2021. Integrata yet to book.,Barclays 
305,13_2491426018_Integrata,BB,1859877610,OB,OB,No-pair,proceeds trade settlement,Integrata booked the proceeds trade settlement transaction for SD 07-09-2021. Barclays  yet to book.,Barclays 
306,AA,21_2491400083_Barclays,1859772995,OB,OB,No-pair,proceeds trade settlement,Barclays  booked the proceeds trade settlement transaction for SD 06-21-2021. Integrata yet to book.,Barclays 
307,AA,2_2491400083_Barclays,1859772953,OB,OB,No-pair,proceeds trade settlement,Barclays  booked the proceeds trade settlement transaction for SD 06-22-2021. Integrata yet to book.,Barclays 
308,19_2491400031_Integrata,BB,1859744685,OB,OB,No-pair,proceeds trade settlement,Integrata booked the proceeds trade settlement transaction for SD 06-14-2021. Barclays  yet to book.,Barclays 
309,14_2491430067_Integrata,BB,1859905414,OB,OB,No-pair,proceeds trade settlement,Integrata booked the proceeds trade settlement transaction for SD 07-13-2021. Barclays  yet to book.,Barclays 
310,2_2491430067_Integrata,BB,1859905387,OB,OB,No-pair,proceeds trade settlement,Integrata booked the proceeds trade settlement transaction for SD 07-13-2021. Barclays  yet to book.,Barclays 
311,3_2491400031_Integrata,BB,1859744681,OB,OB,No-pair,proceeds trade settlement,Integrata booked the proceeds trade settlement transaction for SD 06-14-2021. Barclays  yet to book.,Barclays 
312,AA,35_2491430067_Barclays,1859905454,OB,OB,No-pair,proceeds trade settlement,Barclays  booked the proceeds trade settlement transaction for SD 07-13-2021. Integrata yet to book.,Barclays 
313,AA,50_2491426018_Barclays,1859877563,OB,OB,No-pair,proceeds trade settlement,Barclays  booked the proceeds trade settlement transaction for SD 07-12-2021. Integrata yet to book.,Barclays 
314,AA,5_2491430053_Barclays,1859897379,OB,OB,No-pair,proceeds trade settlement,Barclays  booked the proceeds trade settlement transaction for SD 07-13-2021. Integrata yet to book.,Barclays 
315,AA,35_2491430053_Barclays,1859897333,OB,OB,No-pair,proceeds trade settlement,Barclays  booked the proceeds trade settlement transaction for SD 07-13-2021. Integrata yet to book.,Barclays 
316,14_2491430053_Integrata,BB,1859897372,OB,OB,No-pair,proceeds trade settlement,Integrata booked the proceeds trade settlement transaction for SD 07-13-2021. Barclays  yet to book.,Barclays 
317,2_2491430053_Integrata,BB,1859897342,OB,OB,No-pair,proceeds trade settlement,Integrata booked the proceeds trade settlement transaction for SD 07-13-2021. Barclays  yet to book.,Barclays 
318,20_2491430053_Integrata,BB,1859897362,OB,OB,No-pair,proceeds trade settlement,Integrata booked the proceeds trade settlement transaction for SD 07-13-2021. Barclays  yet to book.,Barclays 
319,AA,38_2491400083_Barclays,1859772991,OB,OB,No-pair,proceeds trade settlement,Barclays  booked the proceeds trade settlement transaction for SD 06-22-2021. Integrata yet to book.,Barclays 
320,AA,5_2491430067_Barclays,1859905419,OB,OB,No-pair,proceeds trade settlement,Barclays  booked the proceeds trade settlement transaction for SD 07-13-2021. Integrata yet to book.,Barclays 
321,AA,49_2491426018_Barclays,1859877593,OB,OB,No-pair,proceeds trade settlement,Barclays  booked the proceeds trade settlement transaction for SD 07-09-2021. Integrata yet to book.,Barclays 
322,11_2491400031_Integrata,BB,1859744689,OB,OB,No-pair,proceeds trade settlement,Integrata booked the proceeds trade settlement transaction for SD 06-14-2021. Barclays  yet to book.,Barclays 
323,13_2491430053_Integrata,BB,1859897361,OB,OB,No-pair,proceeds trade settlement,Integrata booked the proceeds trade settlement transaction for SD 07-13-2021. Barclays  yet to book.,Barclays 
324,12_2491430067_Integrata,BB,1859905397,OB,OB,No-pair,proceeds trade settlement,Integrata booked the proceeds trade settlement transaction for SD 07-13-2021. Barclays  yet to book.,Barclays 
325,18_2491430067_Integrata,BB,1859905390,OB,OB,No-pair,proceeds trade settlement,Integrata booked the proceeds trade settlement transaction for SD 07-13-2021. Barclays  yet to book.,Barclays 
326,AA,39_2491430067_Barclays,1859905437,OB,OB,No-pair,proceeds trade settlement,Barclays  booked the proceeds trade settlement transaction for SD 07-13-2021. Integrata yet to book.,Barclays 
327,5_2491426018_Integrata,BB,1859877590,OB,OB,No-pair,proceeds trade settlement,Integrata booked the proceeds trade settlement transaction for SD 07-09-2021. Barclays  yet to book.,Barclays 
328,AA,36_2491400083_Barclays,1859772979,OB,OB,No-pair,proceeds trade settlement,Barclays  booked the proceeds trade settlement transaction for SD 06-22-2021. Integrata yet to book.,Barclays 
329,13_2491430067_Integrata,BB,1859905394,OB,OB,No-pair,proceeds trade settlement,Integrata booked the proceeds trade settlement transaction for SD 07-13-2021. Barclays  yet to book.,Barclays 
330,12_2491430053_Integrata,BB,1859897347,OB,OB,No-pair,proceeds trade settlement,Integrata booked the proceeds trade settlement transaction for SD 07-13-2021. Barclays  yet to book.,Barclays 
331,AA,39_2491430053_Barclays,1859897365,OB,OB,No-pair,proceeds trade settlement,Barclays  booked the proceeds trade settlement transaction for SD 07-13-2021. Integrata yet to book.,Barclays 
332,AA,52_2491426018_Barclays,1859877587,OB,OB,No-pair,proceeds trade settlement,Barclays  booked the proceeds trade settlement transaction for SD 07-12-2021. Integrata yet to book.,Barclays 
333,10_2491430067_Integrata,BB,1859905448,OB,OB,No-pair,proceeds trade settlement,Integrata booked the proceeds trade settlement transaction for SD 07-13-2021. Barclays  yet to book.,Barclays 
334,10_2491400031_Integrata,BB,1859744682,OB,OB,No-pair,proceeds trade settlement,Integrata booked the proceeds trade settlement transaction for SD 06-14-2021. Barclays  yet to book.,Barclays 
335,18_2491430053_Integrata,BB,1859897395,OB,OB,No-pair,proceeds trade settlement,Integrata booked the proceeds trade settlement transaction for SD 07-13-2021. Barclays  yet to book.,Barclays 
336,20_2491400083_Integrata,BB,1859772992,OB,OB,No-pair,proceeds trade settlement,Integrata booked the proceeds trade settlement transaction for SD 06-21-2021. Barclays  yet to book.,Barclays 
337,3_2491430067_Integrata,BB,1859905404,OB,OB,No-pair,proceeds trade settlement,Integrata booked the proceeds trade settlement transaction for SD 07-13-2021. Barclays  yet to book.,Barclays 
338,12_2491426018_Integrata,BB,1859877592,OB,OB,No-pair,proceeds trade settlement,Integrata booked the proceeds trade settlement transaction for SD 07-09-2021. Barclays  yet to book.,Barclays 
339,AA,21_2491426018_Barclays,1859877564,OB,OB,No-pair,proceeds trade settlement,Barclays  booked the proceeds trade settlement transaction for SD 07-09-2021. Integrata yet to book.,Barclays 
340,3_2491430053_Integrata,BB,1859897355,OB,OB,No-pair,proceeds trade settlement,Integrata booked the proceeds trade settlement transaction for SD 07-13-2021. Barclays  yet to book.,Barclays 
341,AA,27_2491430067_Barclays,1859905441,OB,OB,No-pair,proceeds trade settlement,Barclays  booked the proceeds trade settlement transaction for SD 07-13-2021. Integrata yet to book.,Barclays 
342,12_2491400083_Integrata,BB,1859772983,OB,OB,No-pair,proceeds trade settlement,Integrata booked the proceeds trade settlement transaction for SD 06-21-2021. Barclays  yet to book.,Barclays 
343,15_2491400083_Integrata,BB,1859772980,OB,OB,No-pair,proceeds trade settlement,Integrata booked the proceeds trade settlement transaction for SD 06-21-2021. Barclays  yet to book.,Barclays 
344,AA,29_2491400083_Barclays,1859773028,OB,OB,No-pair,proceeds trade settlement,Barclays  booked the proceeds trade settlement transaction for SD 06-21-2021. Integrata yet to book.,Barclays 
345,AA,3_2491400083_Barclays,1859772966,OB,OB,No-pair,proceeds trade settlement,Barclays  booked the proceeds trade settlement transaction for SD 06-21-2021. Integrata yet to book.,Barclays 
346,AA,32_2491400083_Barclays,1859773000,OB,OB,No-pair,proceeds trade settlement,Barclays  booked the proceeds trade settlement transaction for SD 06-22-2021. Integrata yet to book.,Barclays 
347,1_2491400083_Integrata,BB,1859772948,OB,OB,No-pair,proceeds trade settlement,Integrata booked the proceeds trade settlement transaction for SD 06-21-2021. Barclays  yet to book.,Barclays 
348,AA,27_2491430053_Barclays,1859897414,OB,OB,No-pair,proceeds trade settlement,Barclays  booked the proceeds trade settlement transaction for SD 07-13-2021. Integrata yet to book.,Barclays 
349,AA,3_2491400031_Barclays,1859744697,OB,OB,No-pair,proceeds trade settlement,Barclays  booked the proceeds trade settlement transaction for SD 06-14-2021. Integrata yet to book.,Barclays 
350,AA,30_2491400083_Barclays,1859773031,OB,OB,No-pair,proceeds trade settlement,Barclays  booked the proceeds trade settlement transaction for SD 06-22-2021. Integrata yet to book.,Barclays 
351,AA,31_2491400083_Barclays,1859773034,OB,OB,No-pair,proceeds trade settlement,Barclays  booked the proceeds trade settlement transaction for SD 06-21-2021. Integrata yet to book.,Barclays 
352,AA,4_2491400083_Barclays,1859772989,OB,OB,No-pair,proceeds trade settlement,Barclays  booked the proceeds trade settlement transaction for SD 06-22-2021. Integrata yet to book.,Barclays 
353,13_2491400031_Integrata,BB,1859744677,OB,OB,No-pair,proceeds trade settlement,Integrata booked the proceeds trade settlement transaction for SD 06-14-2021. Barclays  yet to book.,Barclays 
354,AA,27_2491400031_Barclays,1859744707,OB,OB,No-pair,proceeds trade settlement,Barclays  booked the proceeds trade settlement transaction for SD 06-14-2021. Integrata yet to book.,Barclays 
355,AA,10_2491400083_Barclays,1859772993,OB,OB,No-pair,proceeds trade settlement,Barclays  booked the proceeds trade settlement transaction for SD 06-22-2021. Integrata yet to book.,Barclays 
356,5_2491400083_Integrata,BB,1859772956,OB,OB,No-pair,proceeds trade settlement,Integrata booked the proceeds trade settlement transaction for SD 06-21-2021. Barclays  yet to book.,Barclays 
357,AA,1_2491430067_Barclays,1859905392,OB,OB,No-pair,proceeds trade settlement,Barclays  booked the proceeds trade settlement transaction for SD 07-13-2021. Integrata yet to book.,Barclays 
358,AA,12_2491400031_Barclays,1859744695,OB,OB,No-pair,proceeds trade settlement,Barclays  booked the proceeds trade settlement transaction for SD 06-15-2021. Integrata yet to book.,Barclays 
359,17_2491430053_Integrata,BB,1859897340,OB,OB,No-pair,proceeds trade settlement,Integrata booked the proceeds trade settlement transaction for SD 07-13-2021. Barclays  yet to book.,Barclays 
360,AA,9_2491400083_Barclays,1859772981,OB,OB,No-pair,proceeds trade settlement,Barclays  booked the proceeds trade settlement transaction for SD 06-21-2021. Integrata yet to book.,Barclays 
361,AA,29_2491430067_Barclays,1859905459,OB,OB,No-pair,proceeds trade settlement,Barclays  booked the proceeds trade settlement transaction for SD 07-13-2021. Integrata yet to book.,Barclays 
362,AA,1_2491430053_Barclays,1859897336,OB,OB,No-pair,proceeds trade settlement,Barclays  booked the proceeds trade settlement transaction for SD 07-13-2021. Integrata yet to book.,Barclays 
363,AA,28_2491400031_Barclays,1859744714,OB,OB,No-pair,proceeds trade settlement,Barclays  booked the proceeds trade settlement transaction for SD 06-15-2021. Integrata yet to book.,Barclays 
364,17_2491430067_Integrata,BB,1859905450,OB,OB,No-pair,proceeds trade settlement,Integrata booked the proceeds trade settlement transaction for SD 07-13-2021. Barclays  yet to book.,Barclays 
365,26_2491400083_Integrata,BB,1859772947,OB,OB,No-pair,proceeds trade settlement,Integrata booked the proceeds trade settlement transaction for SD 06-21-2021. Barclays  yet to book.,Barclays 
366,AA,29_2491430053_Barclays,1859897418,OB,OB,No-pair,proceeds trade settlement,Barclays  booked the proceeds trade settlement transaction for SD 07-13-2021. Integrata yet to book.,Barclays 
367,AA,30_2491400031_Barclays,1859744731,OB,OB,No-pair,proceeds trade settlement,Barclays  booked the proceeds trade settlement transaction for SD 06-15-2021. Integrata yet to book.,Barclays 
368,AA,4_2491400031_Barclays,1859744706,OB,OB,No-pair,proceeds trade settlement,Barclays  booked the proceeds trade settlement transaction for SD 06-15-2021. Integrata yet to book.,Barclays 
369,6_2491430067_Integrata,BB,1859905395,OB,OB,No-pair,proceeds trade settlement,Integrata booked the proceeds trade settlement transaction for SD 07-13-2021. Barclays  yet to book.,Barclays 
370,AA,29_2491400031_Barclays,1859744723,OB,OB,No-pair,proceeds trade settlement,Barclays  booked the proceeds trade settlement transaction for SD 06-14-2021. Integrata yet to book.,Barclays 
371,6_2491430053_Integrata,BB,1859897375,OB,OB,No-pair,proceeds trade settlement,Integrata booked the proceeds trade settlement transaction for SD 07-13-2021. Barclays  yet to book.,Barclays 
372,12_2491400031_Integrata,BB,1859744659,OB,OB,No-pair,proceeds trade settlement,Integrata booked the proceeds trade settlement transaction for SD 06-14-2021. Barclays  yet to book.,Barclays 
373,AA,37_2491426018_Barclays,1859877626,OB,OB,No-pair,proceeds trade settlement,Barclays  booked the proceeds trade settlement transaction for SD 07-09-2021. Integrata yet to book.,Barclays 
374,AA,22_2491400083_Barclays,1859773004,OB,OB,No-pair,proceeds trade settlement,Barclays  booked the proceeds trade settlement transaction for SD 06-22-2021. Integrata yet to book.,Barclays 
375,18_2491426018_Integrata,BB,1859877586,OB,OB,No-pair,proceeds trade settlement,Integrata booked the proceeds trade settlement transaction for SD 07-09-2021. Barclays  yet to book.,Barclays 
376,AA,33_2491426018_Barclays,1859877608,OB,OB,No-pair,proceeds trade settlement,Barclays  booked the proceeds trade settlement transaction for SD 07-09-2021. Integrata yet to book.,Barclays 
377,AA,38_2491426018_Barclays,1859877629,OB,OB,No-pair,proceeds trade settlement,Barclays  booked the proceeds trade settlement transaction for SD 07-12-2021. Integrata yet to book.,Barclays 
378,AA,51_2491430053_Barclays,1859897424,OB,OB,No-pair,proceeds trade settlement,Barclays  booked the proceeds trade settlement transaction for SD 07-13-2021. Integrata yet to book.,Barclays 
379,2_2491400083_Integrata,BB,1859772959,OB,OB,No-pair,proceeds trade settlement,Integrata booked the proceeds trade settlement transaction for SD 06-21-2021. Barclays  yet to book.,Barclays 
380,AA,34_2491426018_Barclays,1859877614,OB,OB,No-pair,proceeds trade settlement,Barclays  booked the proceeds trade settlement transaction for SD 07-12-2021. Integrata yet to book.,Barclays 
381,14_2491426018_Integrata,BB,1859877616,OB,OB,No-pair,proceeds trade settlement,Integrata booked the proceeds trade settlement transaction for SD 07-09-2021. Barclays  yet to book.,Barclays 
382,AA,2_2491426018_Barclays,1859877562,OB,OB,No-pair,proceeds trade settlement,Barclays  booked the proceeds trade settlement transaction for SD 07-12-2021. Integrata yet to book.,Barclays 
383,19_2491400083_Integrata,BB,1859772977,OB,OB,No-pair,proceeds trade settlement,Integrata booked the proceeds trade settlement transaction for SD 06-21-2021. Barclays  yet to book.,Barclays 
384,AA,35_2491426018_Barclays,1859877619,OB,OB,No-pair,proceeds trade settlement,Barclays  booked the proceeds trade settlement transaction for SD 07-09-2021. Integrata yet to book.,Barclays 
385,AA,22_2491426018_Barclays,1859877576,OB,OB,No-pair,proceeds trade settlement,Barclays  booked the proceeds trade settlement transaction for SD 07-12-2021. Integrata yet to book.,Barclays 
386,AA,51_2491430067_Barclays,1859905474,OB,OB,No-pair,proceeds trade settlement,Barclays  booked the proceeds trade settlement transaction for SD 07-13-2021. Integrata yet to book.,Barclays 
387,10_2491426018_Integrata,BB,1859877571,OB,OB,No-pair,proceeds trade settlement,Integrata booked the proceeds trade settlement transaction for SD 07-09-2021. Barclays  yet to book.,Barclays 
388,AA,42_2491400083_Barclays,1859773019,OB,OB,No-pair,proceeds trade settlement,Barclays  booked the proceeds trade settlement transaction for SD 06-22-2021. Integrata yet to book.,Barclays 
389,8_2491400083_Integrata,BB,1859772978,OB,OB,No-pair,proceeds trade settlement,Integrata booked the proceeds trade settlement transaction for SD 06-21-2021. Barclays  yet to book.,Barclays 
390,AA,4_2491426018_Barclays,1859877588,OB,OB,No-pair,proceeds trade settlement,Barclays  booked the proceeds trade settlement transaction for SD 07-12-2021. Integrata yet to book.,Barclays 
391,AA,38_2491400031_Barclays,1859744703,OB,OB,No-pair,proceeds trade settlement,Barclays  booked the proceeds trade settlement transaction for SD 06-15-2021. Integrata yet to book.,Barclays 
392,1_2491430067_Integrata,BB,1859905391,OB,OB,No-pair,proceeds trade settlement,Integrata booked the proceeds trade settlement transaction for SD 07-13-2021. Barclays  yet to book.,Barclays 
393,AA,51_2491400031_Barclays,1859744660,OB,OB,No-pair,proceeds trade settlement,Barclays  booked the proceeds trade settlement transaction for SD 06-14-2021. Integrata yet to book.,Barclays 
394,AA,37_2491400031_Barclays,1859744693,OB,OB,No-pair,proceeds trade settlement,Barclays  booked the proceeds trade settlement transaction for SD 06-14-2021. Integrata yet to book.,Barclays 
395,1_2491430053_Integrata,BB,1859897335,OB,OB,No-pair,proceeds trade settlement,Integrata booked the proceeds trade settlement transaction for SD 07-13-2021. Barclays  yet to book.,Barclays 
396,AA,3_2491426018_Barclays,1859877577,OB,OB,No-pair,proceeds trade settlement,Barclays  booked the proceeds trade settlement transaction for SD 07-09-2021. Integrata yet to book.,Barclays 
397,AA,21_2491400031_Barclays,1859744708,OB,OB,No-pair,proceeds trade settlement,Barclays  booked the proceeds trade settlement transaction for SD 06-14-2021. Integrata yet to book.,Barclays 
398,AA,14_2491400083_Barclays,1859773006,OB,OB,No-pair,proceeds trade settlement,Barclays  booked the proceeds trade settlement transaction for SD 06-22-2021. Integrata yet to book.,Barclays 
399,8_2491400031_Integrata,BB,1859744666,OB,OB,No-pair,proceeds trade settlement,Integrata booked the proceeds trade settlement transaction for SD 06-14-2021. Barclays  yet to book.,Barclays 
400,AA,52_2491400031_Barclays,1859744701,OB,OB,No-pair,proceeds trade settlement,Barclays  booked the proceeds trade settlement transaction for SD 06-15-2021. Integrata yet to book.,Barclays 
401,AA,41_2491430067_Barclays,1859905456,OB,OB,No-pair,proceeds trade settlement,Barclays  booked the proceeds trade settlement transaction for SD 07-13-2021. Integrata yet to book.,Barclays 
402,2_2491400031_Integrata,BB,1859744673,OB,OB,No-pair,proceeds trade settlement,Integrata booked the proceeds trade settlement transaction for SD 06-14-2021. Barclays  yet to book.,Barclays 
403,AA,13_2491400083_Barclays,1859772998,OB,OB,No-pair,proceeds trade settlement,Barclays  booked the proceeds trade settlement transaction for SD 06-21-2021. Integrata yet to book.,Barclays 
404,AA,65_2491426018_Barclays,1859877647,OB,OB,No-pair,proceeds trade settlement,Barclays  booked the proceeds trade settlement transaction for SD 07-09-2021. Integrata yet to book.,Barclays 
405,AA,49_2491400083_Barclays,1859772955,OB,OB,No-pair,proceeds trade settlement,Barclays  booked the proceeds trade settlement transaction for SD 06-21-2021. Integrata yet to book.,Barclays 
406,AA,41_2491430053_Barclays,1859897396,OB,OB,No-pair,proceeds trade settlement,Barclays  booked the proceeds trade settlement transaction for SD 07-13-2021. Integrata yet to book.,Barclays 
407,AA,50_2491400083_Barclays,1859772967,OB,OB,No-pair,proceeds trade settlement,Barclays  booked the proceeds trade settlement transaction for SD 06-22-2021. Integrata yet to book.,Barclays 
408,AA,18_2491400031_Barclays,1859744668,OB,OB,No-pair,proceeds trade settlement,Barclays  booked the proceeds trade settlement transaction for SD 06-15-2021. Integrata yet to book.,Barclays 
409,1_2491400031_Integrata,BB,1859744661,OB,OB,No-pair,proceeds trade settlement,Integrata booked the proceeds trade settlement transaction for SD 06-14-2021. Barclays  yet to book.,Barclays 
410,AA,66_2491426018_Barclays,1859877648,OB,OB,No-pair,proceeds trade settlement,Barclays  booked the proceeds trade settlement transaction for SD 07-12-2021. Integrata yet to book.,Barclays 
411,16_2491426018_Integrata,BB,1859877553,OB,OB,No-pair,proceeds trade settlement,Integrata booked the proceeds trade settlement transaction for SD 07-09-2021. Barclays  yet to book.,Barclays 
412,AA,12_2491426018_Barclays,1859877617,OB,OB,No-pair,proceeds trade settlement,Barclays  booked the proceeds trade settlement transaction for SD 07-12-2021. Integrata yet to book.,Barclays 
413,18_2491400083_Integrata,BB,1859772963,OB,OB,No-pair,proceeds trade settlement,Integrata booked the proceeds trade settlement transaction for SD 06-21-2021. Barclays  yet to book.,Barclays 
414,AA,17_2491400083_Barclays,1859772949,OB,OB,No-pair,proceeds trade settlement,Barclays  booked the proceeds trade settlement transaction for SD 06-21-2021. Integrata yet to book.,Barclays 
415,17_2491426018_Integrata,BB,1859877574,OB,OB,No-pair,proceeds trade settlement,Integrata booked the proceeds trade settlement transaction for SD 07-09-2021. Barclays  yet to book.,Barclays 
416,AA,7_2491430053_Barclays,1859897392,OB,OB,No-pair,proceeds trade settlement,Barclays  booked the proceeds trade settlement transaction for SD 07-13-2021. Integrata yet to book.,Barclays 
417,AA,7_2491430067_Barclays,1859905443,OB,OB,No-pair,proceeds trade settlement,Barclays  booked the proceeds trade settlement transaction for SD 07-13-2021. Integrata yet to book.,Barclays 
418,AA,37_2491430067_Barclays,1859905434,OB,OB,No-pair,proceeds trade settlement,Barclays  booked the proceeds trade settlement transaction for SD 07-13-2021. Integrata yet to book.,Barclays 
419,4_2491400083_Integrata,BB,1859772984,OB,OB,No-pair,proceeds trade settlement,Integrata booked the proceeds trade settlement transaction for SD 06-21-2021. Barclays  yet to book.,Barclays 
420,AA,47_2491430067_Barclays,1859905446,OB,OB,No-pair,proceeds trade settlement,Barclays  booked the proceeds trade settlement transaction for SD 07-13-2021. Integrata yet to book.,Barclays 
421,AA,37_2491430053_Barclays,1859897370,OB,OB,No-pair,proceeds trade settlement,Barclays  booked the proceeds trade settlement transaction for SD 07-13-2021. Integrata yet to book.,Barclays 
422,AA,47_2491430053_Barclays,1859897411,OB,OB,No-pair,proceeds trade settlement,Barclays  booked the proceeds trade settlement transaction for SD 07-13-2021. Integrata yet to book.,Barclays 
423,AA,13_2491430067_Barclays,1859905425,OB,OB,No-pair,proceeds trade settlement,Barclays  booked the proceeds trade settlement transaction for SD 07-13-2021. Integrata yet to book.,Barclays 
424,AA,13_2491430053_Barclays,1859897416,OB,OB,No-pair,proceeds trade settlement,Barclays  booked the proceeds trade settlement transaction for SD 07-13-2021. Integrata yet to book.,Barclays 
425,AA,47_2491400083_Barclays,1859773033,OB,OB,No-pair,proceeds trade settlement,Barclays  booked the proceeds trade settlement transaction for SD 06-21-2021. Integrata yet to book.,Barclays 
426,AA,1_2491426018_Barclays,1859877555,OB,OB,No-pair,proceeds trade settlement,Barclays  booked the proceeds trade settlement transaction for SD 07-09-2021. Integrata yet to book.,Barclays 
427,AA,48_2491400083_Barclays,1859773036,OB,OB,No-pair,proceeds trade settlement,Barclays  booked the proceeds trade settlement transaction for SD 06-22-2021. Integrata yet to book.,Barclays 
428,AA,51_2491426018_Barclays,1859877575,OB,OB,No-pair,proceeds trade settlement,Barclays  booked the proceeds trade settlement transaction for SD 07-09-2021. Integrata yet to book.,Barclays 
429,AA,18_2491400083_Barclays,1859772962,OB,OB,No-pair,proceeds trade settlement,Barclays  booked the proceeds trade settlement transaction for SD 06-22-2021. Integrata yet to book.,Barclays 
430,AA,1_2491400031_Barclays,1859744656,OB,OB,No-pair,proceeds trade settlement,Barclays  booked the proceeds trade settlement transaction for SD 06-14-2021. Integrata yet to book.,Barclays 
431,AA,3_2491430067_Barclays,1859905415,OB,OB,No-pair,proceeds trade settlement,Barclays  booked the proceeds trade settlement transaction for SD 07-13-2021. Integrata yet to book.,Barclays 
432,AA,3_2491430053_Barclays,1859897357,OB,OB,No-pair,proceeds trade settlement,Barclays  booked the proceeds trade settlement transaction for SD 07-13-2021. Integrata yet to book.,Barclays 
433,2_2491426018_Integrata,BB,1859877551,OB,OB,No-pair,proceeds trade settlement,Integrata booked the proceeds trade settlement transaction for SD 07-09-2021. Barclays  yet to book.,Barclays 
434,AA,31_2491430067_Barclays,1859905472,OB,OB,No-pair,proceeds trade settlement,Barclays  booked the proceeds trade settlement transaction for SD 07-13-2021. Integrata yet to book.,Barclays 
435,AA,13_2491400031_Barclays,1859744704,OB,OB,No-pair,proceeds trade settlement,Barclays  booked the proceeds trade settlement transaction for SD 06-14-2021. Integrata yet to book.,Barclays 
436,AA,31_2491430053_Barclays,1859897425,OB,OB,No-pair,proceeds trade settlement,Barclays  booked the proceeds trade settlement transaction for SD 07-13-2021. Integrata yet to book.,Barclays 
437,AA,35_2491400083_Barclays,1859772965,OB,OB,No-pair,proceeds trade settlement,Barclays  booked the proceeds trade settlement transaction for SD 06-21-2021. Integrata yet to book.,Barclays 
438,AA,5_2491400031_Barclays,1859744719,OB,OB,No-pair,proceeds trade settlement,Barclays  booked the proceeds trade settlement transaction for SD 06-14-2021. Integrata yet to book.,Barclays 
439,AA,14_2491400031_Barclays,1859744715,OB,OB,No-pair,proceeds trade settlement,Barclays  booked the proceeds trade settlement transaction for SD 06-15-2021. Integrata yet to book.,Barclays 
440,AA,8_2491400031_Barclays,1859744744,OB,OB,No-pair,proceeds trade settlement,Barclays  booked the proceeds trade settlement transaction for SD 06-15-2021. Integrata yet to book.,Barclays 
441,AA,7_2491400031_Barclays,1859744748,OB,OB,No-pair,proceeds trade settlement,Barclays  booked the proceeds trade settlement transaction for SD 06-14-2021. Integrata yet to book.,Barclays 
442,AA,49_2491430053_Barclays,1859897404,OB,OB,No-pair,proceeds trade settlement,Barclays  booked the proceeds trade settlement transaction for SD 07-13-2021. Integrata yet to book.,Barclays 
443,AA,49_2491430067_Barclays,1859905461,OB,OB,No-pair,proceeds trade settlement,Barclays  booked the proceeds trade settlement transaction for SD 07-13-2021. Integrata yet to book.,Barclays 
444,AA,18_2491426018_Barclays,1859877636,OB,OB,No-pair,proceeds trade settlement,Barclays  booked the proceeds trade settlement transaction for SD 07-12-2021. Integrata yet to book.,Barclays 
445,AA,52_2491400083_Barclays,1859772975,OB,OB,No-pair,proceeds trade settlement,Barclays  booked the proceeds trade settlement transaction for SD 06-22-2021. Integrata yet to book.,Barclays 
446,AA,11_2491430067_Barclays,1859905473,OB,OB,No-pair,proceeds trade settlement,Barclays  booked the proceeds trade settlement transaction for SD 07-13-2021. Integrata yet to book.,Barclays 
447,AA,17_2491430053_Barclays,1859897339,OB,OB,No-pair,proceeds trade settlement,Barclays  booked the proceeds trade settlement transaction for SD 07-13-2021. Integrata yet to book.,Barclays 
448,AA,11_2491430053_Barclays,1859897409,OB,OB,No-pair,proceeds trade settlement,Barclays  booked the proceeds trade settlement transaction for SD 07-13-2021. Integrata yet to book.,Barclays 
449,AA,9_2491430067_Barclays,1859905462,OB,OB,No-pair,proceeds trade settlement,Barclays  booked the proceeds trade settlement transaction for SD 07-13-2021. Integrata yet to book.,Barclays 
450,AA,11_2491426018_Barclays,1859877612,OB,OB,No-pair,proceeds trade settlement,Barclays  booked the proceeds trade settlement transaction for SD 07-09-2021. Integrata yet to book.,Barclays 
451,AA,17_2491430067_Barclays,1859905466,OB,OB,No-pair,proceeds trade settlement,Barclays  booked the proceeds trade settlement transaction for SD 07-13-2021. Integrata yet to book.,Barclays 
452,AA,9_2491430053_Barclays,1859897401,OB,OB,No-pair,proceeds trade settlement,Barclays  booked the proceeds trade settlement transaction for SD 07-13-2021. Integrata yet to book.,Barclays 
453,AA,27_2491426018_Barclays,1859877567,OB,OB,No-pair,proceeds trade settlement,Barclays  booked the proceeds trade settlement transaction for SD 07-09-2021. Integrata yet to book.,Barclays 
454,AA,36_2491400031_Barclays,1859744671,OB,OB,No-pair,proceeds trade settlement,Barclays  booked the proceeds trade settlement transaction for SD 06-15-2021. Integrata yet to book.,Barclays 
455,AA,21_2491430053_Barclays,1859897381,OB,OB,No-pair,proceeds trade settlement,Barclays  booked the proceeds trade settlement transaction for SD 07-13-2021. Integrata yet to book.,Barclays 
456,AA,21_2491430067_Barclays,1859905436,OB,OB,No-pair,proceeds trade settlement,Barclays  booked the proceeds trade settlement transaction for SD 07-13-2021. Integrata yet to book.,Barclays 
457,AA,17_2491426018_Barclays,1859877633,OB,OB,No-pair,proceeds trade settlement,Barclays  booked the proceeds trade settlement transaction for SD 07-09-2021. Integrata yet to book.,Barclays 
458,AA,30_2491426018_Barclays,1859877569,OB,OB,No-pair,proceeds trade settlement,Barclays  booked the proceeds trade settlement transaction for SD 07-12-2021. Integrata yet to book.,Barclays 
459,AA,29_2491426018_Barclays,1859877583,OB,OB,No-pair,proceeds trade settlement,Barclays  booked the proceeds trade settlement transaction for SD 07-09-2021. Integrata yet to book.,Barclays 
460,AA,72_2491400031_Barclays,1859744743,OB,OB,No-pair,fees,Barclays  booked the fees transaction for SD 06-14-2021. Integrata yet to book.,Barclays 
461,AA,47_2491426018_Barclays,1859877602,OB,OB,No-pair,proceeds trade settlement,Barclays  booked the proceeds trade settlement transaction for SD 07-09-2021. Integrata yet to book.,Barclays 
462,AA,48_2491426018_Barclays,1859877606,OB,OB,No-pair,proceeds trade settlement,Barclays  booked the proceeds trade settlement transaction for SD 07-12-2021. Integrata yet to book.,Barclays 
463,AA,49_2491400031_Barclays,1859744712,OB,OB,No-pair,proceeds trade settlement,Barclays  booked the proceeds trade settlement transaction for SD 06-14-2021. Integrata yet to book.,Barclays 
464,AA,50_2491400031_Barclays,1859744721,OB,OB,No-pair,proceeds trade settlement,Barclays  booked the proceeds trade settlement transaction for SD 06-15-2021. Integrata yet to book.,Barclays 
465,AA,12_2491400083_Barclays,1859773013,OB,OB,No-pair,proceeds trade settlement,Barclays  booked the proceeds trade settlement transaction for SD 06-22-2021. Integrata yet to book.,Barclays 
466,AA,6_2491426018_Barclays,1859877572,OB,OB,No-pair,proceeds trade settlement,Barclays  booked the proceeds trade settlement transaction for SD 07-12-2021. Integrata yet to book.,Barclays 
467,AA,5_2491426018_Barclays,1859877561,OB,OB,No-pair,proceeds trade settlement,Barclays  booked the proceeds trade settlement transaction for SD 07-09-2021. Integrata yet to book.,Barclays 
468,AA,10_2491426018_Barclays,1859877607,OB,OB,No-pair,proceeds trade settlement,Barclays  booked the proceeds trade settlement transaction for SD 07-12-2021. Integrata yet to book.,Barclays 
469,AA,9_2491426018_Barclays,1859877601,OB,OB,No-pair,proceeds trade settlement,Barclays  booked the proceeds trade settlement transaction for SD 07-09-2021. Integrata yet to book.,Barclays 
470,AA,36_2491426018_Barclays,1859877622,OB,OB,No-pair,proceeds trade settlement,Barclays  booked the proceeds trade settlement transaction for SD 07-12-2021. Integrata yet to book.,Barclays 
471,AA,48_2491400031_Barclays,1859744690,OB,OB,No-pair,proceeds trade settlement,Barclays  booked the proceeds trade settlement transaction for SD 06-15-2021. Integrata yet to book.,Barclays 
472,AA,51_2491400083_Barclays,1859773038,OB,OB,No-pair,proceeds trade settlement,Barclays  booked the proceeds trade settlement transaction for SD 06-21-2021. Integrata yet to book.,Barclays 
473,AA,32_2491426018_Barclays,1859877591,OB,OB,No-pair,proceeds trade settlement,Barclays  booked the proceeds trade settlement transaction for SD 07-12-2021. Integrata yet to book.,Barclays 
474,AA,31_2491426018_Barclays,1859877579,OB,OB,No-pair,proceeds trade settlement,Barclays  booked the proceeds trade settlement transaction for SD 07-09-2021. Integrata yet to book.,Barclays 
475,AA,41_2491400031_Barclays,1859744736,OB,OB,No-pair,proceeds trade settlement,Barclays  booked the proceeds trade settlement transaction for SD 06-14-2021. Integrata yet to book.,Barclays 
476,AA,41_2491400083_Barclays,1859773009,OB,OB,No-pair,proceeds trade settlement,Barclays  booked the proceeds trade settlement transaction for SD 06-21-2021. Integrata yet to book.,Barclays 
477,AA,47_2491400031_Barclays,1859744672,OB,OB,No-pair,proceeds trade settlement,Barclays  booked the proceeds trade settlement transaction for SD 06-14-2021. Integrata yet to book.,Barclays 
478,AA,42_2491400031_Barclays,1859744663,OB,OB,No-pair,proceeds trade settlement,Barclays  booked the proceeds trade settlement transaction for SD 06-15-2021. Integrata yet to book.,Barclays 
479,AA,42_2491426018_Barclays,1859877641,OB,OB,No-pair,proceeds trade settlement,Barclays  booked the proceeds trade settlement transaction for SD 07-12-2021. Integrata yet to book.,Barclays 
480,AA,41_2491426018_Barclays,1859877638,OB,OB,No-pair,proceeds trade settlement,Barclays  booked the proceeds trade settlement transaction for SD 07-09-2021. Integrata yet to book.,Barclays 
481,AA,66_2491400083_Barclays,1859773041,OB,OB,No-pair,proceeds trade settlement,Barclays  booked the proceeds trade settlement transaction for SD 06-22-2021. Integrata yet to book.,Barclays 
482,AA,65_2491400083_Barclays,1859773040,OB,OB,No-pair,proceeds trade settlement,Barclays  booked the proceeds trade settlement transaction for SD 06-21-2021. Integrata yet to book.,Barclays 
483,AA,2_2491430086_Barclays,1859922766,OB,OB,No-pair,proceeds trade settlement,Barclays  booked the proceeds trade settlement transaction for SD 07-15-2021. Integrata yet to book.,Barclays 
484,AA,33_2491400083_Barclays,1859773010,OB,OB,No-pair,proceeds trade settlement,Barclays  booked the proceeds trade settlement transaction for SD 06-21-2021. Integrata yet to book.,Barclays 
485,AA,34_2491400083_Barclays,1859772950,OB,OB,No-pair,proceeds trade settlement,Barclays  booked the proceeds trade settlement transaction for SD 06-22-2021. Integrata yet to book.,Barclays 
486,AA,32_2491430086_Barclays,1859922767,OB,OB,No-pair,proceeds trade settlement,Barclays  booked the proceeds trade settlement transaction for SD 07-15-2021. Integrata yet to book.,Barclays 
487,AA,50_2491430086_Barclays,1859922768,OB,OB,No-pair,proceeds trade settlement,Barclays  booked the proceeds trade settlement transaction for SD 07-15-2021. Integrata yet to book.,Barclays 
488,AA,66_2491430086_Barclays,1859922769,OB,OB,No-pair,proceeds trade settlement,Barclays  booked the proceeds trade settlement transaction for SD 07-15-2021. Integrata yet to book.,Barclays 
489,AA,1_2491400083_Barclays,1859772945,OB,OB,No-pair,proceeds trade settlement,Barclays  booked the proceeds trade settlement transaction for SD 06-21-2021. Integrata yet to book.,Barclays 
490,AA,48_2491430086_Barclays,1859922775,OB,OB,No-pair,proceeds trade settlement,Barclays  booked the proceeds trade settlement transaction for SD 07-15-2021. Integrata yet to book.,Barclays 
491,AA,52_2491430086_Barclays,1859922777,OB,OB,No-pair,proceeds trade settlement,Barclays  booked the proceeds trade settlement transaction for SD 07-15-2021. Integrata yet to book.,Barclays 
492,AA,18_2491430086_Barclays,1859922783,OB,OB,No-pair,proceeds trade settlement,Barclays  booked the proceeds trade settlement transaction for SD 07-15-2021. Integrata yet to book.,Barclays 
493,AA,4_2491430086_Barclays,1859922784,OB,OB,No-pair,proceeds trade settlement,Barclays  booked the proceeds trade settlement transaction for SD 07-15-2021. Integrata yet to book.,Barclays 
494,AA,34_2491430086_Barclays,1859922785,OB,OB,No-pair,proceeds trade settlement,Barclays  booked the proceeds trade settlement transaction for SD 07-15-2021. Integrata yet to book.,Barclays 
495,AA,6_2491430086_Barclays,1859922797,OB,OB,No-pair,proceeds trade settlement,Barclays  booked the proceeds trade settlement transaction for SD 07-15-2021. Integrata yet to book.,Barclays 
496,20_2491400031_Integrata,BB,1859744699,OB,OB,No-pair,proceeds trade settlement,Integrata booked the proceeds trade settlement transaction for SD 06-14-2021. Barclays  yet to book.,Barclays 
497,11_2491430053_Integrata,BB,1859897337,OB,OB,No-pair,proceeds trade settlement,Integrata booked the proceeds trade settlement transaction for SD 07-13-2021. Barclays  yet to book.,Barclays 
498,11_2491430067_Integrata,BB,1859905386,OB,OB,No-pair,proceeds trade settlement,Integrata booked the proceeds trade settlement transaction for SD 07-13-2021. Barclays  yet to book.,Barclays 
499,19_2491426018_Integrata,BB,1859877596,OB,OB,No-pair,proceeds trade settlement,Integrata booked the proceeds trade settlement transaction for SD 07-09-2021. Barclays  yet to book.,Barclays 
500,9_2491426018_Integrata,BB,1859877554,OB,OB,No-pair,proceeds trade settlement,Integrata booked the proceeds trade settlement transaction for SD 07-09-2021. Barclays  yet to book.,Barclays 
501,9_2491400083_Integrata,BB,1859772954,OB,OB,No-pair,proceeds trade settlement,Integrata booked the proceeds trade settlement transaction for SD 06-21-2021. Barclays  yet to book.,Barclays 
502,6_2491400083_Integrata,BB,1859772951,OB,OB,No-pair,proceeds trade settlement,Integrata booked the proceeds trade settlement transaction for SD 06-21-2021. Barclays  yet to book.,Barclays 
503,AA,36_2491430086_Barclays,1859922803,OB,OB,No-pair,proceeds trade settlement,Barclays  booked the proceeds trade settlement transaction for SD 07-15-2021. Integrata yet to book.,Barclays 
504,AA,22_2491430086_Barclays,1859922808,OB,OB,No-pair,proceeds trade settlement,Barclays  booked the proceeds trade settlement transaction for SD 07-15-2021. Integrata yet to book.,Barclays 
505,AA,37_2491400083_Barclays,1859772999,OB,OB,No-pair,proceeds trade settlement,Barclays  booked the proceeds trade settlement transaction for SD 06-21-2021. Integrata yet to book.,Barclays 
506,AA,8_2491430086_Barclays,1859922810,OB,OB,No-pair,proceeds trade settlement,Barclays  booked the proceeds trade settlement transaction for SD 07-15-2021. Integrata yet to book.,Barclays 
507,AA,38_2491430086_Barclays,1859922814,OB,OB,No-pair,proceeds trade settlement,Barclays  booked the proceeds trade settlement transaction for SD 07-15-2021. Integrata yet to book.,Barclays 
508,AA,9_2491400031_Barclays,1859744657,OB,OB,No-pair,proceeds trade settlement,Barclays  booked the proceeds trade settlement transaction for SD 06-14-2021. Integrata yet to book.,Barclays 
509,AA,10_2491430086_Barclays,1859922823,OB,OB,No-pair,proceeds trade settlement,Barclays  booked the proceeds trade settlement transaction for SD 07-15-2021. Integrata yet to book.,Barclays 
510,AA,40_2491430086_Barclays,1859922825,OB,OB,No-pair,proceeds trade settlement,Barclays  booked the proceeds trade settlement transaction for SD 07-15-2021. Integrata yet to book.,Barclays 
511,AA,11_2491400031_Barclays,1859744684,OB,OB,No-pair,proceeds trade settlement,Barclays  booked the proceeds trade settlement transaction for SD 06-14-2021. Integrata yet to book.,Barclays 
512,AA,12_2491430086_Barclays,1859922835,OB,OB,No-pair,proceeds trade settlement,Barclays  booked the proceeds trade settlement transaction for SD 07-15-2021. Integrata yet to book.,Barclays 
513,AA,42_2491430086_Barclays,1859922837,OB,OB,No-pair,proceeds trade settlement,Barclays  booked the proceeds trade settlement transaction for SD 07-15-2021. Integrata yet to book.,Barclays 
514,AA,28_2491430086_Barclays,1859922845,OB,OB,No-pair,proceeds trade settlement,Barclays  booked the proceeds trade settlement transaction for SD 07-15-2021. Integrata yet to book.,Barclays 
515,AA,14_2491430086_Barclays,1859922848,OB,OB,No-pair,proceeds trade settlement,Barclays  booked the proceeds trade settlement transaction for SD 07-15-2021. Integrata yet to book.,Barclays 
516,AA,30_2491430086_Barclays,1859922854,OB,OB,No-pair,proceeds trade settlement,Barclays  booked the proceeds trade settlement transaction for SD 07-15-2021. Integrata yet to book.,Barclays 
517,AA,87_2491430086_Barclays,1859922855,OB,OB,No-pair,wire,Barclays  booked the wire transaction for SD 06-02-2021. Integrata yet to book.,Barclays 
