,Fund,Custodian Account,Pos_security,Currency,Pos_Desc,pos_qnt_diff,Local Price Diff,Local MV Diff,Ticker1,col_to_merge
0,FIFTY_SEVEN,NEFU_FIFTY_SEVEN_00799811,Futures,HKD,SEP 21 HS INDEX,1,259.74,15800.0,hiu1,NEFU_FIFTY_SEVEN_00799811HKDhiu1
1,FIFTY_SEVEN,NEFU_FIFTY_SEVEN_00799760,Futures,NZD,NEW ZEAL 3MO BILL JUN22,-84,0.0,2869.53,zbm2,NEFU_FIFTY_SEVEN_00799760NZDzbm2
2,FIFTY_SEVEN,NEFU_FIFTY_SEVEN_00799762,Futures,JPY,NIKKEI 225  (SGX) Sep21,11,-27294.3,577500.0,niu1,NEFU_FIFTY_SEVEN_00799762JPYniu1
3,FIFTY_SEVEN,NEFU_FIFTY_SEVEN_00799802,Futures,JPY,JPN 10Y BOND(OSE) SEP21,3,0.0,390000.0,jbu1,NEFU_FIFTY_SEVEN_00799802JPYjbu1
4,FIFTY_SEVEN,NEFU_FIFTY_SEVEN_00799802,Futures,JPY,TOPIX INDX FUTR   Sep21,24,0.0,940000.0,tpu1,NEFU_FIFTY_SEVEN_00799802JPYtpu1
5,FIFTY_SEVEN,NEFU_FIFTY_SEVEN_00799802,Futures,AUD,SPI 200 FUTURES   Sep21,19,0.0,57675.0,xpu1,NEFU_FIFTY_SEVEN_00799802AUDxpu1
6,FIFTY_SEVEN,NEFU_FIFTY_SEVEN_00799803,Futures,USD,FTSE TAIWAN INDEX AUG21,-5,0.0,90660.0,twtq1,NEFU_FIFTY_SEVEN_00799803USDtwtq1
7,FIFTY_SEVEN,CPTRS_FIFTY_SEVEN_C0000038210,Equities,USD,CME GROUP CL A ORD,-15000,-208.77,-3131550.0,cme us,CPTRS_FIFTY_SEVEN_C0000038210USDcme us
8,FIFTY_SEVEN,NEFU_FIFTY_SEVEN_00799760,Futures,AUD,AUST 3YR BOND FUT SEP21,479,99.71,-12809.86,ymu1,NEFU_FIFTY_SEVEN_00799760AUDymu1
9,FIFTY_SEVEN,NEFU_FIFTY_SEVEN_00799760,Futures,USD,NATURAL GAS FUTR  Sep21,-4,-4.027,-540.0,ngu21,NEFU_FIFTY_SEVEN_00799760USDngu21
10,FIFTY_SEVEN,NEFU_FIFTY_SEVEN_00799760,Futures,AUD,AUST 3YR BOND FUT Sep21,-479,-99.71,13323.53,ymu1,NEFU_FIFTY_SEVEN_00799760AUDymu1
11,FIFTY_SEVEN,NEFU_FIFTY_SEVEN_00799760,Futures,USD,SEP 21 NATURAL GAS,4,4.027,540.0,ngu1 21,NEFU_FIFTY_SEVEN_00799760USDngu1 21
12,FIFTY_SEVEN,NEFU_FIFTY_SEVEN_00799769,Futures,USD,NATURAL GAS FUTR  Sep21,2,-4.027,2850.0,ngu21,NEFU_FIFTY_SEVEN_00799769USDngu21
13,FIFTY_SEVEN,NEFU_FIFTY_SEVEN_00799769,Futures,USD,SEP 21 NATURAL GAS,-2,4.027,-980.0,ngu1 21,NEFU_FIFTY_SEVEN_00799769USDngu1 21
14,FIFTY_SEVEN,NEFU_FIFTY_SEVEN_00799803,Futures,AUD,AUST 3YR BOND FUT SEP21,-60,99.71,2264.46,ymu1,NEFU_FIFTY_SEVEN_00799803AUDymu1
15,FIFTY_SEVEN,NEFU_FIFTY_SEVEN_00799803,Futures,AUD,AUST 3YR BOND FUT Sep21,60,-99.71,-2265.45,ymu1,NEFU_FIFTY_SEVEN_00799803AUDymu1
16,FIFTY_SEVEN,SCF_FIFTY_SEVEN_CUST,Equities,USD,COMEX SEAT,-2,-80000.0,-160000.0,comex_seat,SCF_FIFTY_SEVEN_CUSTUSDcomex_seat
17,FIFTY_SEVEN,SCF_FIFTY_SEVEN_CUST,Equities,USD,NYMEX_SEAT,-2,-212500.0,-425000.0,nymex_seat,SCF_FIFTY_SEVEN_CUSTUSDnymex_seat
18,FIFTY_SEVEN,NEFU_FIFTY_SEVEN_00799762,Futures,THB,SET50 FUTURES     Sep21,0,0.0,0.0,bcu1,NEFU_FIFTY_SEVEN_00799762THBbcu1
19,FIFTY_SEVEN,NEFU_FIFTY_SEVEN_00799769,Futures,THB,SET50 FUTURES     Sep21,0,0.0,0.0,bcu1,NEFU_FIFTY_SEVEN_00799769THBbcu1
20,FIFTY_SEVEN,NEFU_FIFTY_SEVEN_00799762,Futures,EUR,CAC40 10 EURO FUT AUG21,0,0.0,0.0,cfq1,NEFU_FIFTY_SEVEN_00799762EURcfq1
21,FIFTY_SEVEN,NEFU_FIFTY_SEVEN_00799760,Futures,CAD,CAN 10YR BOND FUT SEP21,0,0.0,0.0,cnu1,NEFU_FIFTY_SEVEN_00799760CADcnu1
22,FIFTY_SEVEN,NEFU_FIFTY_SEVEN_00799769,Futures,CAD,CAN 10YR BOND FUT SEP21,0,0.0,0.0,cnu1,NEFU_FIFTY_SEVEN_00799769CADcnu1
23,FIFTY_SEVEN,NEFU_FIFTY_SEVEN_00799802,Futures,CAD,CAN 10YR BOND FUT SEP21,0,0.0,0.0,cnu1,NEFU_FIFTY_SEVEN_00799802CADcnu1
24,FIFTY_SEVEN,NEFU_FIFTY_SEVEN_00799802,Futures,EUR,AMSTERDAM IDX FUT AUG21,0,0.0,0.0,eoq1,NEFU_FIFTY_SEVEN_00799802EUReoq1
25,FIFTY_SEVEN,NEFU_FIFTY_SEVEN_00799760,Futures,CHF,EURO CHF 3MO LIF SEP21,0,0.0,0.0,esu1,NEFU_FIFTY_SEVEN_00799760CHFesu1
26,FIFTY_SEVEN,NEFU_FIFTY_SEVEN_00799762,Futures,EUR,AMSTERDAM IDX FUT AUG21,0,0.0,0.0,eoq1,NEFU_FIFTY_SEVEN_00799762EUReoq1
27,FIFTY_SEVEN,NEFU_FIFTY_SEVEN_00799769,Futures,EUR,AMSTERDAM IDX FUT AUG21,0,0.0,0.0,eoq1,NEFU_FIFTY_SEVEN_00799769EUReoq1
28,FIFTY_SEVEN,NEFU_FIFTY_SEVEN_00799802,Futures,EUR,VSTOXX Future     Oct21,0,0.0,0.0,fvsv1,NEFU_FIFTY_SEVEN_00799802EURfvsv1
29,FIFTY_SEVEN,NEFU_FIFTY_SEVEN_00799769,Futures,GBP,LONG GILT FUTURE  Sep21,0,0.0,0.0,g u1,NEFU_FIFTY_SEVEN_00799769GBPg u1
30,FIFTY_SEVEN,NEFU_FIFTY_SEVEN_00799802,Futures,GBP,LONG GILT FUTURE  Sep21,0,0.0,0.0,g u1,NEFU_FIFTY_SEVEN_00799802GBPg u1
31,FIFTY_SEVEN,NEFU_FIFTY_SEVEN_00799762,Futures,EUR,DAX INDEX FUTURE  Sep21,0,0.0,0.0,gxu1,NEFU_FIFTY_SEVEN_00799762EURgxu1
32,FIFTY_SEVEN,NEFU_FIFTY_SEVEN_00799769,Futures,EUR,DAX INDEX FUTURE  Sep21,0,0.0,0.0,gxu1,NEFU_FIFTY_SEVEN_00799769EURgxu1
33,FIFTY_SEVEN,NEFU_FIFTY_SEVEN_00799769,Futures,EUR,IBEX 35 INDX FUTR AUG21,0,0.0,0.0,ibq1,NEFU_FIFTY_SEVEN_00799769EURibq1
34,FIFTY_SEVEN,NEFU_FIFTY_SEVEN_00799802,Futures,EUR,IBEX 35 INDX FUTR AUG21,0,0.0,0.0,ibq1,NEFU_FIFTY_SEVEN_00799802EURibq1
35,FIFTY_SEVEN,NEFU_FIFTY_SEVEN_00799769,Futures,EUR,EURO-BTP FUTURE SEP21,0,0.0,0.0,iku1,NEFU_FIFTY_SEVEN_00799769EURiku1
36,FIFTY_SEVEN,NEFU_FIFTY_SEVEN_00799802,Futures,EUR,EURO-BTP FUTURE SEP21,0,0.0,0.0,iku1,NEFU_FIFTY_SEVEN_00799802EURiku1
37,FIFTY_SEVEN,NEFU_FIFTY_SEVEN_00799814,Futures,KRW,KOREA 10YR BND FU SEP21,0,0.0,0.0,kaau1,NEFU_FIFTY_SEVEN_00799814KRWkaau1
38,FIFTY_SEVEN,NEFU_FIFTY_SEVEN_00799804,Futures,KRW,KOREA 3YR BND FUT SEP21,0,0.0,0.0,keu1,NEFU_FIFTY_SEVEN_00799804KRWkeu1
39,FIFTY_SEVEN,NEFU_FIFTY_SEVEN_00799762,Futures,KRW,KOSPI2 INX FUT    Sep21,0,0.0,0.0,kmu1,NEFU_FIFTY_SEVEN_00799762KRWkmu1
40,FIFTY_SEVEN,NEFU_FIFTY_SEVEN_00799760,Futures,MYR,CRUDE PALM OIL FU OCT21,0,0.0,0.0,kov1,NEFU_FIFTY_SEVEN_00799760MYRkov1
41,FIFTY_SEVEN,NEFU_FIFTY_SEVEN_00799760,Futures,EUR,EURO-OAT FUTURE SEP21,0,0.0,0.0,oatu1,NEFU_FIFTY_SEVEN_00799760EURoatu1
42,FIFTY_SEVEN,NEFU_FIFTY_SEVEN_00799802,Futures,EUR,EURO-OAT FUTURE SEP21,0,0.0,0.0,oatu1,NEFU_FIFTY_SEVEN_00799802EURoatu1
43,FIFTY_SEVEN,NEFU_FIFTY_SEVEN_00799760,Futures,EUR,EURO-BOBL FUTURE  Sep21,0,0.0,0.0,oeu1,NEFU_FIFTY_SEVEN_00799760EURoeu1
44,FIFTY_SEVEN,NEFU_FIFTY_SEVEN_00799802,Futures,EUR,EURO-BOBL FUTURE  Sep21,0,0.0,0.0,oeu1,NEFU_FIFTY_SEVEN_00799802EURoeu1
45,FIFTY_SEVEN,NEFU_FIFTY_SEVEN_00799801,Futures,CAD,S&P/TSX 60 IX FUT SEP21,0,0.0,0.0,ptu1,NEFU_FIFTY_SEVEN_00799801CADptu1
46,FIFTY_SEVEN,NEFU_FIFTY_SEVEN_00799802,Futures,CAD,S&P/TSX 60 IX FUT SEP21,0,0.0,0.0,ptu1,NEFU_FIFTY_SEVEN_00799802CADptu1
47,FIFTY_SEVEN,NEFU_FIFTY_SEVEN_00799762,Futures,SEK,OMXS30 IND FUTURE AUG21,0,0.0,0.0,qcq1,NEFU_FIFTY_SEVEN_00799762SEKqcq1
48,FIFTY_SEVEN,NEFU_FIFTY_SEVEN_00799760,Futures,EUR,EURO-BUND FUTURE  Sep21,0,0.0,0.0,rxu1,NEFU_FIFTY_SEVEN_00799760EURrxu1
49,FIFTY_SEVEN,NEFU_FIFTY_SEVEN_00799769,Futures,EUR,EURO-BUND FUTURE  Sep21,0,0.0,0.0,rxu1,NEFU_FIFTY_SEVEN_00799769EURrxu1
50,FIFTY_SEVEN,NEFU_FIFTY_SEVEN_00799769,Futures,SEK,OMXS30 IND FUTURE AUG21,0,0.0,0.0,qcq1,NEFU_FIFTY_SEVEN_00799769SEKqcq1
51,FIFTY_SEVEN,NEFU_FIFTY_SEVEN_00799762,Futures,EUR,FTSE/MIB IDX FUT  Sep21,0,0.0,0.0,stu1,NEFU_FIFTY_SEVEN_00799762EURstu1
52,FIFTY_SEVEN,NEFU_FIFTY_SEVEN_00799802,Futures,SEK,OMXS30 IND FUTURE AUG21,0,0.0,0.0,qcq1,NEFU_FIFTY_SEVEN_00799802SEKqcq1
53,FIFTY_SEVEN,NEFU_FIFTY_SEVEN_00799769,Futures,EUR,FTSE/MIB IDX FUT  Sep21,0,0.0,0.0,stu1,NEFU_FIFTY_SEVEN_00799769EURstu1
54,FIFTY_SEVEN,NEFU_FIFTY_SEVEN_00799802,Futures,EUR,FTSE/MIB IDX FUT  Sep21,0,0.0,0.0,stu1,NEFU_FIFTY_SEVEN_00799802EURstu1
55,FIFTY_SEVEN,NEFU_FIFTY_SEVEN_00799811,Futures,EUR,STOXX EUROPE 600  Sep21,0,0.0,0.0,sxou1,NEFU_FIFTY_SEVEN_00799811EURsxou1
56,FIFTY_SEVEN,NEFU_FIFTY_SEVEN_00799762,Futures,GBP,FTSE 100 IDX FUT  Sep21,0,0.0,0.0,z u1,NEFU_FIFTY_SEVEN_00799762GBPz u1
57,FIFTY_SEVEN,NEFU_FIFTY_SEVEN_00799769,Futures,GBP,FTSE 100 IDX FUT  Sep21,0,0.0,0.0,z u1,NEFU_FIFTY_SEVEN_00799769GBPz u1
58,FIFTY_SEVEN,NEFU_FIFTY_SEVEN_00799769,Futures,EUR,EURO STOXX 50     Sep21,0,0.0,0.0,vgu1,NEFU_FIFTY_SEVEN_00799769EURvgu1
59,FIFTY_SEVEN,NEFU_FIFTY_SEVEN_00799760,Futures,CAD,CAN 5YR BOND FUT  Sep21,0,0.0,0.0,xqu1,NEFU_FIFTY_SEVEN_00799760CADxqu1
60,FIFTY_SEVEN,NEFU_FIFTY_SEVEN_00799769,Futures,HKD,H-SHARES IDX FUT AUG21,0,0.0,0.0,hcq1,NEFU_FIFTY_SEVEN_00799769HKDhcq1
61,FIFTY_SEVEN,NEFU_FIFTY_SEVEN_00799760,Futures,JPY,JPN 10Y BOND(OSE) SEP21,0,0.0,0.0,jbu1,NEFU_FIFTY_SEVEN_00799760JPYjbu1
62,FIFTY_SEVEN,NEFU_FIFTY_SEVEN_00799803,Futures,JPY,JPN 10Y BOND(OSE) SEP21,0,0.0,0.0,jbu1,NEFU_FIFTY_SEVEN_00799803JPYjbu1
63,FIFTY_SEVEN,NEFU_FIFTY_SEVEN_00799769,Futures,JPY,NIKKEI 225  (OSE) Sep21,0,0.0,0.0,nku1,NEFU_FIFTY_SEVEN_00799769JPYnku1
64,FIFTY_SEVEN,NEFU_FIFTY_SEVEN_00799760,Futures,AUD,SPI 200 FUTURES   Sep21,0,0.0,0.0,xpu1,NEFU_FIFTY_SEVEN_00799760AUDxpu1
65,FIFTY_SEVEN,NEFU_FIFTY_SEVEN_00799762,Futures,AUD,SPI 200 FUTURES   Sep21,0,0.0,0.0,xpu1,NEFU_FIFTY_SEVEN_00799762AUDxpu1
66,FIFTY_SEVEN,NEFU_FIFTY_SEVEN_00799814,Futures,KRW,US DOLLAR FUT     Aug21,0,0.0,0.0,kuq1 curncy,NEFU_FIFTY_SEVEN_00799814KRWkuq1 curncy
67,FIFTY_SEVEN,NEFU_FIFTY_SEVEN_00799760,Futures,SGD,MSCI SING IX ETS  Aug21,0,0.0,0.0,qzq1,NEFU_FIFTY_SEVEN_00799760SGDqzq1
68,FIFTY_SEVEN,NEFU_FIFTY_SEVEN_00799769,Futures,SGD,MSCI SING IX ETS  Aug21,0,0.0,0.0,qzq1,NEFU_FIFTY_SEVEN_00799769SGDqzq1
69,FIFTY_SEVEN,NEFU_FIFTY_SEVEN_00799762,Futures,ZAR,FTSE/JSE TOP 40   Sep21,0,66.0,-89700.0,aiu1,NEFU_FIFTY_SEVEN_00799762ZARaiu1
70,FIFTY_SEVEN,NEFU_FIFTY_SEVEN_00799769,Futures,ZAR,FTSE/JSE TOP 40   Sep21,0,66.0,10560.0,aiu1,NEFU_FIFTY_SEVEN_00799769ZARaiu1
71,FIFTY_SEVEN,NEFU_FIFTY_SEVEN_00799802,Futures,ZAR,FTSE/JSE TOP 40   Sep21,0,66.0,-302080.0,aiu1,NEFU_FIFTY_SEVEN_00799802ZARaiu1
72,FIFTY_SEVEN,NEFU_FIFTY_SEVEN_00799760,Futures,THB,SET50 FUTURES     Sep21,0,0.0,1680.0,bcu1,NEFU_FIFTY_SEVEN_00799760THBbcu1
73,FIFTY_SEVEN,NEFU_FIFTY_SEVEN_00799769,Futures,EUR,CAC40 10 EURO FUT AUG21,0,0.0,12925.0,cfq1,NEFU_FIFTY_SEVEN_00799769EURcfq1
74,FIFTY_SEVEN,NEFU_FIFTY_SEVEN_00799802,Futures,EUR,CAC40 10 EURO FUT AUG21,0,0.0,1420.0,cfq1,NEFU_FIFTY_SEVEN_00799802EURcfq1
75,FIFTY_SEVEN,NEFU_FIFTY_SEVEN_00799803,Futures,THB,SET50 FUTURES     Sep21,0,0.0,-97940.0,bcu1,NEFU_FIFTY_SEVEN_00799803THBbcu1
76,FIFTY_SEVEN,NEFU_FIFTY_SEVEN_00799762,Futures,USD,DJIA MINI E-CBOT SEP21,0,-34648.02,505.0,dmu1,NEFU_FIFTY_SEVEN_00799762USDdmu1
77,FIFTY_SEVEN,NEFU_FIFTY_SEVEN_00799802,Futures,EUR,VSTOXX Future     Aug21,0,0.0,95.0,fvsq1,NEFU_FIFTY_SEVEN_00799802EURfvsq1
78,FIFTY_SEVEN,NEFU_FIFTY_SEVEN_00799802,Futures,EUR,VSTOXX Future     Sep21,0,0.0,100.0,fvsu1,NEFU_FIFTY_SEVEN_00799802EURfvsu1
79,FIFTY_SEVEN,NEFU_FIFTY_SEVEN_00799802,Futures,EUR,DAX INDEX FUTURE  Sep21,0,0.0,400.0,gxu1,NEFU_FIFTY_SEVEN_00799802EURgxu1
80,FIFTY_SEVEN,NEFU_FIFTY_SEVEN_00799762,Futures,EUR,IBEX 35 INDX FUTR AUG21,0,0.0,16425.0,ibq1,NEFU_FIFTY_SEVEN_00799762EURibq1
81,FIFTY_SEVEN,NEFU_FIFTY_SEVEN_00799760,Futures,MYR,FTSE KLCI FUTURE  Aug21,0,0.0,500.0,ikq1,NEFU_FIFTY_SEVEN_00799760MYRikq1
82,FIFTY_SEVEN,NEFU_FIFTY_SEVEN_00799804,Futures,KRW,KOREA 10YR BND FU SEP21,0,0.0,11580000.0,kaau1,NEFU_FIFTY_SEVEN_00799804KRWkaau1
83,FIFTY_SEVEN,NEFU_FIFTY_SEVEN_00799804,Futures,KRW,KOSPI2 INX FUT    Sep21,0,0.0,67200000.0,kmu1,NEFU_FIFTY_SEVEN_00799804KRWkmu1
84,FIFTY_SEVEN,NEFU_FIFTY_SEVEN_00799812,Futures,KRW,KOSPI2 INX FUT    Sep21,0,0.0,200000.0,kmu1,NEFU_FIFTY_SEVEN_00799812KRWkmu1
85,FIFTY_SEVEN,NEFU_FIFTY_SEVEN_L20099762,Futures,PLN,WIG20 INDEX FUT   Sep21,0,0.0,14120.0,krsu1,NEFU_FIFTY_SEVEN_L20099762PLNkrsu1
86,FIFTY_SEVEN,NEFU_FIFTY_SEVEN_00799760,Futures,AUD,AUST 20Y BOND FUT SEP21,0,0.0,0.01,ltyu1,NEFU_FIFTY_SEVEN_00799760AUDltyu1
87,FIFTY_SEVEN,NEFU_FIFTY_SEVEN_00799762,Futures,USD,MINI MSCI EMG MKT SEP21,0,0.0,21435.0,mesu1,NEFU_FIFTY_SEVEN_00799762USDmesu1
88,FIFTY_SEVEN,NEFU_FIFTY_SEVEN_00799762,Futures,USD,NASDAQ 100 E-MINI SEP21,0,0.0,90.0,nqu1,NEFU_FIFTY_SEVEN_00799762USDnqu1
89,FIFTY_SEVEN,NEFU_FIFTY_SEVEN_00799769,Futures,EUR,EURO-OAT FUTURE SEP21,0,0.0,400.0,oatu1,NEFU_FIFTY_SEVEN_00799769EURoatu1
90,FIFTY_SEVEN,NEFU_FIFTY_SEVEN_00799762,Futures,USD,S&P500 EMINI FUT  Sep21,0,0.0,3962.5,esu1,NEFU_FIFTY_SEVEN_00799762USDesu1
91,FIFTY_SEVEN,NEFU_FIFTY_SEVEN_00799769,Futures,USD,S&P500 EMINI FUT  Sep21,0,0.0,16925.0,esu1,NEFU_FIFTY_SEVEN_00799769USDesu1
92,FIFTY_SEVEN,NEFU_FIFTY_SEVEN_00799801,Futures,USD,S&P500 EMINI FUT  Sep21,0,0.0,2000.0,esu1,NEFU_FIFTY_SEVEN_00799801USDesu1
93,FIFTY_SEVEN,NEFU_FIFTY_SEVEN_00799802,Futures,EUR,EURO-BUND FUTURE  Sep21,0,0.0,50.0,rxu1,NEFU_FIFTY_SEVEN_00799802EURrxu1
94,FIFTY_SEVEN,NEFU_FIFTY_SEVEN_00799769,Futures,USD,CBOE VIX FUTURE   Aug21,0,0.0,2400.0,uxq1,NEFU_FIFTY_SEVEN_00799769USDuxq1
95,FIFTY_SEVEN,NEFU_FIFTY_SEVEN_00799802,Futures,GBP,FTSE 100 IDX FUT  Sep21,0,0.0,2690.0,z u1,NEFU_FIFTY_SEVEN_00799802GBPz u1
96,FIFTY_SEVEN,NEFU_FIFTY_SEVEN_00799802,Futures,USD,CBOE VIX FUTURE   Aug21,0,0.0,700.0,uxq1,NEFU_FIFTY_SEVEN_00799802USDuxq1
97,FIFTY_SEVEN,NEFU_FIFTY_SEVEN_00799802,Futures,USD,CBOE VIX FUTURE   Sep21,0,0.0,300.0,uxu1,NEFU_FIFTY_SEVEN_00799802USDuxu1
98,FIFTY_SEVEN,NEFU_FIFTY_SEVEN_00799802,Futures,EUR,EURO STOXX 50     Sep21,0,0.0,-42320.0,vgu1,NEFU_FIFTY_SEVEN_00799802EURvgu1
99,FIFTY_SEVEN,NEFU_FIFTY_SEVEN_00799760,Futures,USD,AUDUSD CRNCY FUT SEP21,0,73.2154,1955.0,adu1 curncy,NEFU_FIFTY_SEVEN_00799760USDadu1 curncy
100,FIFTY_SEVEN,NEFU_FIFTY_SEVEN_00799769,Futures,USD,AUDUSD CRNCY FUT SEP21,0,73.2154,400.0,adu1 curncy,NEFU_FIFTY_SEVEN_00799769USDadu1 curncy
101,FIFTY_SEVEN,NEFU_FIFTY_SEVEN_00799760,Futures,USD,SOYBEAN OIL FUTR  Dec21,0,61.182,186.0,boz1,NEFU_FIFTY_SEVEN_00799760USDboz1
102,FIFTY_SEVEN,NEFU_FIFTY_SEVEN_00799762,Futures,USD,SOYBEAN OIL FUTR  Dec21,0,61.182,72.0,boz1,NEFU_FIFTY_SEVEN_00799762USDboz1
103,FIFTY_SEVEN,NEFU_FIFTY_SEVEN_00799760,Futures,USD,US 5YR NOTE (CBT) SEP21,0,3.75e-05,195.29,fvu1,NEFU_FIFTY_SEVEN_00799760USDfvu1
104,FIFTY_SEVEN,NEFU_FIFTY_SEVEN_00799762,Futures,USD,US 5YR NOTE (CBT) SEP21,0,3.75e-05,62.46,fvu1,NEFU_FIFTY_SEVEN_00799762USDfvu1
105,FIFTY_SEVEN,NEFU_FIFTY_SEVEN_00799802,Futures,USD,US 5YR NOTE (CBT) SEP21,0,3.75e-05,-0.04,fvu1,NEFU_FIFTY_SEVEN_00799802USDfvu1
106,FIFTY_SEVEN,NEFU_FIFTY_SEVEN_00799803,Futures,USD,US 5YR NOTE (CBT) SEP21,0,3.75e-05,437.45,fvu1,NEFU_FIFTY_SEVEN_00799803USDfvu1
107,FIFTY_SEVEN,NEFU_FIFTY_SEVEN_00799803,Futures,HKD,H-SHARES IDX FUT AUG21,0,0.0,29350.0,hcq1,NEFU_FIFTY_SEVEN_00799803HKDhcq1
108,FIFTY_SEVEN,NEFU_FIFTY_SEVEN_00799760,Futures,AUD,90-DAY BANK BILL  Sep22,0,0.0,-763.22,iru2,NEFU_FIFTY_SEVEN_00799760AUDiru2
109,FIFTY_SEVEN,NEFU_FIFTY_SEVEN_00799803,Futures,HKD,HANG SENG IDX FUT AUG21,0,-25794.45,-398750.0,hiq1,NEFU_FIFTY_SEVEN_00799803HKDhiq1
110,FIFTY_SEVEN,NEFU_FIFTY_SEVEN_00799760,Futures,USD,NY HARB ULSD FUT SEP21,0,210.5136,2902.2,hou1,NEFU_FIFTY_SEVEN_00799760USDhou1
111,FIFTY_SEVEN,NEFU_FIFTY_SEVEN_00799769,Futures,USD,JPN YEN CURR FUT  Sep21,0,90.7632,6.25,jyu1 curncy,NEFU_FIFTY_SEVEN_00799769USDjyu1 curncy
112,FIFTY_SEVEN,NEFU_FIFTY_SEVEN_00799760,Futures,USD,WTI CRUDE FUTURE  Sep21,0,0.0,580.0,clu1,NEFU_FIFTY_SEVEN_00799760USDclu1
113,FIFTY_SEVEN,NEFU_FIFTY_SEVEN_00799762,Futures,USD,SOYBEAN FUTURE    Nov21,0,0.0,275.0,s x1,NEFU_FIFTY_SEVEN_00799762USDs x1
114,FIFTY_SEVEN,NEFU_FIFTY_SEVEN_00799803,Futures,JPY,NIKKEI 225  (OSE) Sep21,0,0.0,100000.0,nku1,NEFU_FIFTY_SEVEN_00799803JPYnku1
115,FIFTY_SEVEN,NEFU_FIFTY_SEVEN_00799769,Futures,JPY,TOPIX INDX FUTR   Sep21,0,0.0,200000.0,tpu1,NEFU_FIFTY_SEVEN_00799769JPYtpu1
116,FIFTY_SEVEN,NEFU_FIFTY_SEVEN_00799803,Futures,JPY,TOPIX INDX FUTR   Sep21,0,0.0,27460000.0,tpu1,NEFU_FIFTY_SEVEN_00799803JPYtpu1
117,FIFTY_SEVEN,NEFU_FIFTY_SEVEN_00799760,Futures,USD,US 2YR NOTE (CBT) SEP21,0,-3.125e-05,-0.12,tuu1,NEFU_FIFTY_SEVEN_00799760USDtuu1
118,FIFTY_SEVEN,NEFU_FIFTY_SEVEN_00799760,Futures,USD,SOYBEAN MEAL FUTR DEC21,0,0.0,250.0,smz1,NEFU_FIFTY_SEVEN_00799760USDsmz1
119,FIFTY_SEVEN,NEFU_FIFTY_SEVEN_00799760,Futures,JPY,NIKKEI 225 MINI   Sep21,0,0.0,9500.0,nou1,NEFU_FIFTY_SEVEN_00799760JPYnou1
120,FIFTY_SEVEN,NEFU_FIFTY_SEVEN_00799762,Futures,HKD,H-SHARES IDX FUT AUG21,0,0.0,159500.0,hcq1,NEFU_FIFTY_SEVEN_00799762HKDhcq1
121,FIFTY_SEVEN,NEFU_FIFTY_SEVEN_00799802,Futures,USD,US 2YR NOTE (CBT) SEP21,0,-3.125e-05,195.27,tuu1,NEFU_FIFTY_SEVEN_00799802USDtuu1
122,FIFTY_SEVEN,NEFU_FIFTY_SEVEN_00799762,Futures,USD,US 10YR NOTE (CBT SEP21,0,0.0,139.67,tyu1,NEFU_FIFTY_SEVEN_00799762USDtyu1
123,FIFTY_SEVEN,NEFU_FIFTY_SEVEN_00799760,Futures,USD,NEW ZEALAND $ FUT SEP21,0,69.4386,260.0,nvu1 curncy,NEFU_FIFTY_SEVEN_00799760USDnvu1 curncy
124,FIFTY_SEVEN,NEFU_FIFTY_SEVEN_00799803,Futures,USD,US 2YR NOTE (CBT) SEP21,0,-3.125e-05,0.11,tuu1,NEFU_FIFTY_SEVEN_00799803USDtuu1
125,FIFTY_SEVEN,NEFU_FIFTY_SEVEN_00799769,Futures,USD,US 10YR NOTE (CBT SEP21,0,0.0,-0.04,tyu1,NEFU_FIFTY_SEVEN_00799769USDtyu1
126,FIFTY_SEVEN,NEFU_FIFTY_SEVEN_00799760,Futures,USD,US 10YR NOTE (CBT SEP21,0,0.0,-0.19,tyu1,NEFU_FIFTY_SEVEN_00799760USDtyu1
127,FIFTY_SEVEN,NEFU_FIFTY_SEVEN_00799760,Futures,USD,GASOLINE RBOB FUT SEP21,0,224.8092,289.8,xbu1,NEFU_FIFTY_SEVEN_00799760USDxbu1
128,FIFTY_SEVEN,NEFU_FIFTY_SEVEN_00799760,Futures,AUD,AUST 10Y BOND FUT SEP21,0,0.0,9.56,xmu1,NEFU_FIFTY_SEVEN_00799760AUDxmu1
129,FIFTY_SEVEN,NEFU_FIFTY_SEVEN_00799769,Futures,USD,SGX CNX NIFTY ETS AUG21,0,0.0,2294.0,ihq1,NEFU_FIFTY_SEVEN_00799769USDihq1
130,FIFTY_SEVEN,NEFU_FIFTY_SEVEN_00799803,Futures,SGD,MSCI SING IX ETS  Aug21,0,0.0,-2230.0,qzq1,NEFU_FIFTY_SEVEN_00799803SGDqzq1
131,FIFTY_SEVEN,NEFU_FIFTY_SEVEN_00799802,Futures,USD,US 10YR NOTE (CBT SEP21,0,0.0,0.01,tyu1,NEFU_FIFTY_SEVEN_00799802USDtyu1
132,FIFTY_SEVEN,NEFU_FIFTY_SEVEN_00799803,Futures,USD,US 10YR NOTE (CBT SEP21,0,0.0,140.65,tyu1,NEFU_FIFTY_SEVEN_00799803USDtyu1
133,FIFTY_SEVEN,NEFU_FIFTY_SEVEN_00799803,Futures,USD,FTSE CHINA A50    Aug21,0,0.0,59294.0,xuq1,NEFU_FIFTY_SEVEN_00799803USDxuq1
134,FIFTY_SEVEN,NEFU_FIFTY_SEVEN_00799762,Futures,USD,US LONG BOND(CBT) SEP21,0,0.0,375.0,usu1,NEFU_FIFTY_SEVEN_00799762USDusu1
135,FIFTY_SEVEN,NEFU_FIFTY_SEVEN_00799764,Futures,USD,US LONG BOND(CBT) SEP21,0,0.0,-0.5,usu1,NEFU_FIFTY_SEVEN_00799764USDusu1
136,FIFTY_SEVEN,NEFU_FIFTY_SEVEN_00799803,Futures,AUD,AUST 10Y BOND FUT SEP21,0,0.0,0.12,xmu1,NEFU_FIFTY_SEVEN_00799803AUDxmu1
137,FIFTY_SEVEN,NEFU_FIFTY_SEVEN_00799769,Futures,AUD,SPI 200 FUTURES   Sep21,0,0.0,-4775.0,xpu1,NEFU_FIFTY_SEVEN_00799769AUDxpu1
138,FIFTY_SEVEN,NEFU_FIFTY_SEVEN_00799762,Futures,USD,SOYBEAN MEAL FUTR DEC21,0,0.0,880.0,smz1,NEFU_FIFTY_SEVEN_00799762USDsmz1
139,FIFTY_SEVEN,NEFU_FIFTY_SEVEN_00799803,Futures,AUD,SPI 200 FUTURES   Sep21,0,0.0,-27950.0,xpu1,NEFU_FIFTY_SEVEN_00799803AUDxpu1
140,FIFTY_SEVEN,NEFU_FIFTY_SEVEN_00799762,Futures,SGD,MSCI SING IX ETS  Aug21,0,0.0,8025.0,qzq1,NEFU_FIFTY_SEVEN_00799762SGDqzq1
141,FIFTY_SEVEN,NEFU_FIFTY_SEVEN_00799762,Futures,USD,BRENT CRUDE FUTR  Oct21,0,0.0,0.0,cov1,NEFU_FIFTY_SEVEN_00799762USDcov1
142,FIFTY_SEVEN,NEFU_FIFTY_SEVEN_00799769,Futures,USD,BRENT CRUDE FUTR  Oct21,0,0.0,0.0,cov1,NEFU_FIFTY_SEVEN_00799769USDcov1
143,FIFTY_SEVEN,NEFU_FIFTY_SEVEN_00799769,Futures,USD,S&P MID 400 EMINI SEP21,0,0.0,0.0,fau1,NEFU_FIFTY_SEVEN_00799769USDfau1
144,FIFTY_SEVEN,NEFU_FIFTY_SEVEN_00799760,Futures,USD,NASDAQ 100 E-MINI SEP21,0,0.0,0.0,nqu1,NEFU_FIFTY_SEVEN_00799760USDnqu1
145,FIFTY_SEVEN,NEFU_FIFTY_SEVEN_00799764,Futures,USD,NASDAQ 100 E-MINI SEP21,0,0.0,0.0,nqu1,NEFU_FIFTY_SEVEN_00799764USDnqu1
146,FIFTY_SEVEN,NEFU_FIFTY_SEVEN_00799769,Futures,USD,NASDAQ 100 E-MINI SEP21,0,0.0,0.0,nqu1,NEFU_FIFTY_SEVEN_00799769USDnqu1
147,FIFTY_SEVEN,NEFU_FIFTY_SEVEN_00799769,Futures,CAD,S&P/TSX 60 IX FUT SEP21,0,0.0,0.0,ptu1,NEFU_FIFTY_SEVEN_00799769CADptu1
148,FIFTY_SEVEN,NEFU_FIFTY_SEVEN_00799760,Futures,USD,S&P500 EMINI FUT  Sep21,0,0.0,0.0,esu1,NEFU_FIFTY_SEVEN_00799760USDesu1
149,FIFTY_SEVEN,NEFU_FIFTY_SEVEN_00799769,Futures,USD,E-Mini Russ 2000  Sep21,0,0.0,0.0,rtyu1,NEFU_FIFTY_SEVEN_00799769USDrtyu1
150,FIFTY_SEVEN,NEFU_FIFTY_SEVEN_00799811,Futures,USD,E-Mini Russ 2000  Sep21,0,0.0,0.0,rtyu1,NEFU_FIFTY_SEVEN_00799811USDrtyu1
151,FIFTY_SEVEN,NEFU_FIFTY_SEVEN_00799802,Futures,USD,S&P500 EMINI FUT  Sep21,0,0.0,0.0,esu1,NEFU_FIFTY_SEVEN_00799802USDesu1
152,FIFTY_SEVEN,NEFU_FIFTY_SEVEN_00799762,Futures,USD,GAS OIL FUT (ICE) AUG21,0,0.0,0.0,qsq1,NEFU_FIFTY_SEVEN_00799762USDqsq1
153,FIFTY_SEVEN,NEFU_FIFTY_SEVEN_00799764,Futures,USD,E-Mini Russ 2000  Sep21,0,0.0,0.0,rtyu1,NEFU_FIFTY_SEVEN_00799764USDrtyu1
154,FIFTY_SEVEN,NEFU_FIFTY_SEVEN_00799802,Futures,USD,CBOE VIX FUTURE   Oct21,0,0.0,0.0,uxv1,NEFU_FIFTY_SEVEN_00799802USDuxv1
155,FIFTY_SEVEN,NEFU_FIFTY_SEVEN_00799802,Futures,USD,CBOE VIX FUTURE   Nov21,0,0.0,0.0,uxx1,NEFU_FIFTY_SEVEN_00799802USDuxx1
156,FIFTY_SEVEN,NEFU_FIFTY_SEVEN_00799760,Futures,USD,BRENT FIN LAST DA OCT21,0,0.0,0.0,bzav1,NEFU_FIFTY_SEVEN_00799760USDbzav1
157,FIFTY_SEVEN,NEFU_FIFTY_SEVEN_00799769,Futures,USD,EURO FX CURR FUT  Sep21,0,0.0,0.0,ecu1 curncy,NEFU_FIFTY_SEVEN_00799769USDecu1 curncy
158,FIFTY_SEVEN,NEFU_FIFTY_SEVEN_00799760,Futures,USD,CORN FUTURE       Dec21,0,0.0,0.0,c z1,NEFU_FIFTY_SEVEN_00799760USDc z1
159,FIFTY_SEVEN,NEFU_FIFTY_SEVEN_00799762,Futures,USD,CORN FUTURE       Dec21,0,0.0,0.0,c z1,NEFU_FIFTY_SEVEN_00799762USDc z1
160,FIFTY_SEVEN,NEFU_FIFTY_SEVEN_00799760,Futures,USD,90DAY EURO$ FUTR  Sep21,0,0.0,0.0,edu1,NEFU_FIFTY_SEVEN_00799760USDedu1
161,FIFTY_SEVEN,NEFU_FIFTY_SEVEN_00799762,Futures,USD,WTI CRUDE FUTURE  Oct21,0,0.0,0.0,clv1,NEFU_FIFTY_SEVEN_00799762USDclv1
162,FIFTY_SEVEN,NEFU_FIFTY_SEVEN_00799769,Futures,USD,GOLD 100 OZ FUTR  Oct21,0,0.0,0.0,gcv1,NEFU_FIFTY_SEVEN_00799769USDgcv1
163,FIFTY_SEVEN,NEFU_FIFTY_SEVEN_00799762,Futures,USD,GOLD 100 OZ FUTR  Dec21,0,0.0,0.0,gcz1,NEFU_FIFTY_SEVEN_00799762USDgcz1
164,FIFTY_SEVEN,NEFU_FIFTY_SEVEN_00799760,Futures,USD,GLOBEX NAT GAS LD SEP21,0,0.0,0.0,iwu1,NEFU_FIFTY_SEVEN_00799760USDiwu1
165,FIFTY_SEVEN,NEFU_FIFTY_SEVEN_00799769,Futures,USD,PALLADIUM FUTURE  Sep21,0,0.0,0.0,pau1,NEFU_FIFTY_SEVEN_00799769USDpau1
166,FIFTY_SEVEN,NEFU_FIFTY_SEVEN_00799760,Futures,USD,PLATINUM FUTURE   Oct21,0,0.0,0.0,plv1,NEFU_FIFTY_SEVEN_00799760USDplv1
167,FIFTY_SEVEN,NEFU_FIFTY_SEVEN_00799769,Futures,USD,PLATINUM FUTURE   Oct21,0,0.0,0.0,plv1,NEFU_FIFTY_SEVEN_00799769USDplv1
168,FIFTY_SEVEN,NEFU_FIFTY_SEVEN_00799760,Futures,USD,SOYBEAN FUTURE    Nov21,0,0.0,0.0,s x1,NEFU_FIFTY_SEVEN_00799760USDs x1
169,FIFTY_SEVEN,NEFU_FIFTY_SEVEN_00799762,Futures,USD,WTI CRUDE FUTURE  Sep21,0,0.0,0.0,clu1,NEFU_FIFTY_SEVEN_00799762USDclu1
170,FIFTY_SEVEN,NEFU_FIFTY_SEVEN_00799769,Futures,USD,WTI CRUDE FUTURE  Sep21,0,0.0,0.0,clu1,NEFU_FIFTY_SEVEN_00799769USDclu1
171,FIFTY_SEVEN,NEFU_FIFTY_SEVEN_00799760,Futures,USD,WHEAT FUTURE(CBT) SEP21,0,0.0,0.0,w u1,NEFU_FIFTY_SEVEN_00799760USDw u1
172,FIFTY_SEVEN,NEFU_FIFTY_SEVEN_00799762,Futures,USD,WHEAT FUTURE(CBT) SEP21,0,0.0,0.0,w u1,NEFU_FIFTY_SEVEN_00799762USDw u1
173,FIFTY_SEVEN,NEFU_FIFTY_SEVEN_00799769,Futures,USD,WHEAT FUTURE(CBT) SEP21,0,0.0,0.0,w u1,NEFU_FIFTY_SEVEN_00799769USDw u1
174,FIFTY_SEVEN,NEFU_FIFTY_SEVEN_00799760,Futures,USD,US ULTRA BOND (CBT) SEP21,0,0.0,0.0,wnu1,NEFU_FIFTY_SEVEN_00799760USDwnu1
175,FIFTY_SEVEN,NEFU_FIFTY_SEVEN_00799803,Futures,USD,US ULTRA BOND (CBT) SEP21,0,0.0,0.0,wnu1,NEFU_FIFTY_SEVEN_00799803USDwnu1
176,FIFTY_SEVEN,NEFU_FIFTY_SEVEN_00799760,Futures,USD,SGX CNX NIFTY ETS AUG21,0,0.0,0.0,ihq1,NEFU_FIFTY_SEVEN_00799760USDihq1
177,FIFTY_SEVEN,NEFU_FIFTY_SEVEN_00799762,Futures,USD,SGX CNX NIFTY ETS AUG21,0,0.0,0.0,ihq1,NEFU_FIFTY_SEVEN_00799762USDihq1
178,FIFTY_SEVEN,NEFU_FIFTY_SEVEN_00799803,Futures,USD,SGX CNX NIFTY ETS AUG21,0,0.0,0.0,ihq1,NEFU_FIFTY_SEVEN_00799803USDihq1
179,FIFTY_SEVEN,NEFU_FIFTY_SEVEN_00799760,Futures,USD,FTSE TAIWAN INDEX AUG21,0,0.0,0.0,twtq1,NEFU_FIFTY_SEVEN_00799760USDtwtq1
180,FIFTY_SEVEN,NEFU_FIFTY_SEVEN_00799762,Futures,USD,FTSE TAIWAN INDEX AUG21,0,0.0,0.0,twtq1,NEFU_FIFTY_SEVEN_00799762USDtwtq1
181,FIFTY_SEVEN,NEFU_FIFTY_SEVEN_00799769,Futures,USD,FTSE CHINA A50    Aug21,0,0.0,0.0,xuq1,NEFU_FIFTY_SEVEN_00799769USDxuq1
182,FIFTY_SEVEN,NEFU_FIFTY_SEVEN_00799760,Futures,USD,US LONG BOND(CBT) SEP21,0,0.0,0.0,usu1,NEFU_FIFTY_SEVEN_00799760USDusu1
183,FIFTY_SEVEN,NEFU_FIFTY_SEVEN_00799803,Futures,USD,US LONG BOND(CBT) SEP21,0,0.0,0.0,usu1,NEFU_FIFTY_SEVEN_00799803USDusu1
184,FIFTY_SEVEN,NEFU_FIFTY_SEVEN_00799760,Futures,USD,DJIA MINI E-CBOT SEP21,0,-34648.02,0.0,dmu1,NEFU_FIFTY_SEVEN_00799760USDdmu1
185,FIFTY_SEVEN,NEFU_FIFTY_SEVEN_00799769,Futures,USD,DJIA MINI E-CBOT SEP21,0,-34648.02,0.0,dmu1,NEFU_FIFTY_SEVEN_00799769USDdmu1
186,FIFTY_SEVEN,NEFU_FIFTY_SEVEN_00799769,Futures,USD,C$ CURRENCY FUT   Sep21,0,78.9624,0.0,cdu1 curncy,NEFU_FIFTY_SEVEN_00799769USDcdu1 curncy
187,FIFTY_SEVEN,NEFU_FIFTY_SEVEN_00799769,Futures,USD,SOYBEAN OIL FUTR  Dec21,0,61.182,0.0,boz1,NEFU_FIFTY_SEVEN_00799769USDboz1
188,FIFTY_SEVEN,NEFU_FIFTY_SEVEN_00799769,Futures,USD,BP CURRENCY FUT   Sep21,0,137.7783,0.0,bpu1 curncy,NEFU_FIFTY_SEVEN_00799769USDbpu1 curncy
189,FIFTY_SEVEN,NEFU_FIFTY_SEVEN_00799760,Futures,USD,COPPER FUTURE     Sep21,0,434.214,0.0,hgu1,NEFU_FIFTY_SEVEN_00799760USDhgu1
190,FIFTY_SEVEN,NEFU_FIFTY_SEVEN_00799769,Futures,HKD,HANG SENG IDX FUT AUG21,0,-25794.45,0.0,hiq1,NEFU_FIFTY_SEVEN_00799769HKDhiq1
191,FIFTY_SEVEN,NEFU_FIFTY_SEVEN_00799762,Futures,USD,NY HARB ULSD FUT SEP21,0,210.5136,0.0,hou1,NEFU_FIFTY_SEVEN_00799762USDhou1
192,FIFTY_SEVEN,NEFU_FIFTY_SEVEN_00799760,Futures,JPY,NIKKEI 225  (SGX) Sep21,0,-27294.3,0.0,niu1,NEFU_FIFTY_SEVEN_00799760JPYniu1
193,FIFTY_SEVEN,NEFU_FIFTY_SEVEN_00799760,Futures,USD,LIVE CATTLE FUTR  Oct21,0,126.8685,0.0,lcv1,NEFU_FIFTY_SEVEN_00799760USDlcv1
194,FIFTY_SEVEN,NEFU_FIFTY_SEVEN_00799760,Futures,USD,LEAN HOGS FUTURE  Oct21,0,90.4612,0.0,lhv1,NEFU_FIFTY_SEVEN_00799760USDlhv1
195,FIFTY_SEVEN,NEFU_FIFTY_SEVEN_00799769,Futures,USD,MEXICAN PESO FUT  Sep21,0,49.95,0.0,peu1 curncy,NEFU_FIFTY_SEVEN_00799769USDpeu1 curncy
196,FIFTY_SEVEN,NEFU_FIFTY_SEVEN_00799769,Futures,USD,CHF CURRENCY FUT  Sep21,0,109.6128,0.0,sfu1 curncy,NEFU_FIFTY_SEVEN_00799769USDsfu1 curncy
197,FIFTY_SEVEN,NEFU_FIFTY_SEVEN_00799769,Futures,USD,NEW ZEALAND $ FUT SEP21,0,69.4386,0.0,nvu1 curncy,NEFU_FIFTY_SEVEN_00799769USDnvu1 curncy
198,FIFTY_SEVEN,NEFU_FIFTY_SEVEN_00799769,Futures,USD,NIKKEI 225  (CME) SEP21,0,-24916.5,0.0,nxu1,NEFU_FIFTY_SEVEN_00799769USDnxu1
199,FIFTY_SEVEN,NEFU_FIFTY_SEVEN_00799762,Futures,USD,GASOLINE RBOB FUT SEP21,0,224.8092,0.0,xbu1,NEFU_FIFTY_SEVEN_00799762USDxbu1
200,FIFTY_SEVEN,NEFU_FIFTY_SEVEN_00799769,Futures,USD,GASOLINE RBOB FUT SEP21,0,224.8092,0.0,xbu1,NEFU_FIFTY_SEVEN_00799769USDxbu1
0,FIFTY_SEVENCAY,NEFU_FIFTY_SEVENCAY_00799777,Futures,CHF,SWISS MKT IX FUTR SEP21,0,0.0,1810.0,smu1,NEFU_FIFTY_SEVENCAY_00799777CHFsmu1
1,FIFTY_SEVENCAY,NEFU_FIFTY_SEVENCAY_00799778,Futures,CHF,SWISS MKT IX FUTR SEP21,0,0.0,280.0,smu1,NEFU_FIFTY_SEVENCAY_00799778CHFsmu1
2,FIFTY_SEVENCAY,NEFU_FIFTY_SEVENCAY_00799775,Futures,CHF,SWISS MKT IX FUTR SEP21,0,0.0,6030.0,smu1,NEFU_FIFTY_SEVENCAY_00799775CHFsmu1
